idade,renda_mensal,dividas,historico,anos_trabalhados,dependentes,propriedades,score,emprestimos_pendentes,pagamentos_atrasados,aprovado
56,17514,19029,0,20,4,2,567,4,6,0
69,3983,22973,0,29,1,1,773,2,3,0
46,13651,39121,1,38,0,2,709,2,4,0
32,9230,31433,1,19,1,2,773,4,8,0
60,7640,43309,0,23,0,0,655,1,5,0
25,12779,1932,0,22,4,1,492,2,9,0
78,16317,44254,1,6,0,0,570,0,3,0
38,18304,1757,0,8,1,0,413,2,7,0
56,8564,30722,1,0,3,1,822,4,8,0
75,16520,37853,0,25,1,0,354,0,9,0
36,14737,38405,1,37,2,1,364,2,4,0
40,10323,1116,1,37,2,1,571,4,1,0
28,16229,43527,1,21,2,0,801,1,5,0
28,12713,11691,1,9,2,0,661,4,7,0
41,9502,492,1,5,4,2,445,1,4,0
70,1545,27882,0,16,3,0,508,0,0,0
53,5346,8811,1,37,3,1,585,4,7,0
57,10996,27808,0,23,1,2,309,3,8,0
41,16775,24272,1,9,0,1,485,3,0,0
20,14919,28399,1,7,1,2,763,3,7,0
39,4810,6474,0,20,1,0,433,3,9,0
70,8206,26956,0,5,1,0,470,3,1,0
19,10005,47153,0,20,1,0,512,1,3,0
41,17371,42506,0,38,3,1,829,4,1,0
61,13316,13979,1,23,0,2,801,0,1,1
47,19416,44523,0,32,1,1,326,3,9,0
55,9436,42565,1,17,3,2,367,3,2,0
19,13984,28328,0,27,1,0,707,0,7,0
77,1271,47375,0,31,2,1,408,0,3,0
38,19155,12867,1,11,1,0,373,3,6,0
50,11616,25851,1,26,1,1,561,1,9,0
29,5361,31279,0,9,4,0,667,0,2,0
75,8069,30527,1,31,2,1,536,4,9,0
39,18304,7866,1,25,0,1,665,4,2,1
78,4430,15449,1,24,1,2,585,1,1,0
61,13676,10685,1,10,0,0,677,2,5,0
42,11816,23544,1,22,2,2,675,1,5,0
66,3050,5451,1,33,1,2,375,3,0,0
44,12692,21642,1,39,4,0,308,2,6,0
76,2165,41316,1,22,3,1,495,3,3,0
59,3033,39954,0,28,4,2,589,4,2,0
45,1145,38870,1,30,4,0,360,0,7,0
77,15269,31030,0,6,3,1,688,3,1,0
33,8832,30873,1,39,3,2,307,4,8,0
32,15286,619,1,32,3,2,668,1,7,0
79,3632,33650,1,20,1,2,344,3,7,0
79,5494,25372,1,1,0,1,643,4,2,0
64,16152,3642,0,17,0,2,674,0,3,0
79,10155,28001,0,32,3,1,326,3,1,0
68,11426,34064,1,36,4,2,492,4,1,0
61,11233,29290,0,33,2,0,656,3,3,0
72,2828,14122,1,19,3,2,361,0,5,0
69,13260,24820,1,34,4,0,361,3,4,0
74,10130,2895,0,17,4,0,721,3,0,0
20,5805,5366,0,23,1,0,679,4,9,0
54,1806,8711,1,7,1,1,576,2,0,0
68,9202,19596,1,29,0,0,730,3,5,0
24,2868,18793,0,9,0,2,414,2,2,0
38,15561,8199,1,22,2,1,420,1,2,0
26,16512,10717,0,10,2,0,824,3,6,0
56,15899,36191,1,1,2,1,715,2,0,0
35,17220,10211,1,25,2,1,462,1,0,0
21,16934,45550,0,35,4,1,636,4,9,0
42,6429,23360,0,32,4,2,678,3,2,0
77,10076,21542,0,12,0,0,623,4,7,0
31,4564,31312,1,39,1,1,472,1,0,0
67,2389,45242,1,24,1,1,363,4,9,0
75,12593,36435,1,3,3,1,400,4,3,0
26,8274,28247,1,18,4,0,621,0,8,0
43,18208,22357,0,17,2,1,365,1,3,0
70,19649,41045,1,36,2,1,757,4,9,0
19,18320,27691,1,29,3,2,752,2,7,0
37,11745,12424,1,18,1,0,558,1,6,0
45,15199,18852,0,22,2,2,725,0,2,0
64,16876,22601,1,15,1,0,477,3,6,0
77,19180,18020,1,0,3,0,579,4,6,0
24,9245,8155,0,11,1,0,643,2,9,0
61,8214,3583,1,23,1,2,316,0,2,0
78,1726,15515,1,33,1,2,595,1,1,0
25,14832,36777,0,7,2,2,501,4,8,0
64,12362,19710,1,17,0,2,493,0,0,0
52,19297,43178,1,4,4,1,448,0,6,0
31,11106,24532,1,25,1,1,674,2,3,0
34,8657,18601,0,29,1,1,334,3,1,0
53,19850,4967,1,12,1,0,668,3,1,1
67,15551,18753,1,18,0,1,328,3,7,0
57,8906,20022,0,28,3,0,520,1,6,0
21,8287,43463,0,2,2,2,352,0,6,0
19,1892,9135,1,25,0,0,652,1,4,0
79,11222,5722,1,39,1,0,691,0,9,0
23,5675,27413,1,11,0,1,375,2,7,0
71,2933,27236,1,1,0,2,793,2,1,0
59,18764,15514,0,10,0,2,821,1,1,0
21,12873,43896,1,27,3,1,416,1,4,0
71,18674,37212,0,17,4,2,579,2,0,0
46,19024,40386,0,12,2,2,474,4,5,0
35,14239,20331,1,36,3,2,594,3,3,0
43,11874,18060,1,21,3,1,750,3,5,0
61,18602,1196,0,11,4,2,817,2,6,0
51,6016,12297,0,1,3,0,320,3,2,0
27,14774,2787,1,36,0,0,372,4,7,0
79,10752,23816,0,6,0,2,335,4,6,0
53,18338,40695,1,25,1,1,806,0,0,0
31,16585,19702,1,25,3,1,532,1,5,0
48,8291,25242,0,23,1,1,796,3,6,0
65,1974,2176,0,11,2,2,505,4,3,0
32,5133,20127,1,15,0,2,725,1,1,0
25,15663,41560,0,22,2,0,343,1,9,0
31,4972,27228,1,39,4,1,390,0,8,0
40,6295,20208,1,8,0,0,769,1,6,0
77,14913,28482,1,31,2,0,766,1,0,1
74,10105,9171,0,14,4,1,753,2,7,0
79,9228,35219,1,36,2,2,632,0,2,0
57,10903,33396,1,12,4,2,806,0,3,0
38,4020,42589,1,4,4,0,769,3,4,0
33,9987,40546,1,10,0,0,320,1,0,0
62,13880,3696,1,9,1,0,527,3,5,0
35,6233,20058,1,12,4,0,675,4,9,0
64,10516,20313,1,14,4,1,429,1,5,0
70,15559,19149,1,6,0,0,713,4,1,1
41,17701,45740,1,39,1,0,370,2,9,0
43,3396,41075,1,27,3,2,703,1,5,0
42,19546,4956,1,31,3,2,696,3,7,0
77,2591,10195,0,34,1,2,636,3,5,0
77,12303,17076,1,14,2,1,804,1,3,0
77,7183,1105,1,35,0,1,575,3,3,0
62,2312,15417,1,20,1,2,312,1,8,0
58,8314,24729,0,5,3,2,302,0,5,0
46,19767,46956,1,0,4,0,523,3,7,0
32,3139,30099,0,3,3,0,474,1,7,0
62,15688,32598,1,10,4,1,684,1,6,0
18,19088,29961,1,25,0,1,540,3,2,0
42,7924,12602,0,36,4,0,846,0,9,0
24,1362,9256,1,22,1,2,313,3,0,0
26,19988,20584,0,28,4,0,494,1,4,0
41,14481,46980,0,20,2,1,696,0,9,0
18,4738,34681,1,26,1,1,730,4,9,0
61,3469,25792,1,38,0,0,605,2,1,0
25,17106,21904,1,39,1,0,633,3,9,0
41,17940,43361,1,12,2,0,709,1,1,0
28,10017,34540,0,22,0,1,302,0,6,0
68,3808,26536,0,15,3,2,751,0,2,0
34,17370,19164,1,29,2,0,794,4,7,0
25,15870,12996,0,3,0,1,716,3,8,0
52,13713,2871,0,39,4,1,690,0,7,0
52,8561,46002,1,15,1,1,672,4,5,0
50,3719,49812,0,30,0,0,351,1,4,0
76,12700,22626,0,24,1,0,675,4,2,0
22,4741,10521,1,11,4,2,694,3,2,0
59,10766,43410,0,25,0,1,441,4,6,0
56,4998,1132,1,36,3,0,385,0,4,0
75,19787,33467,0,32,2,1,763,0,5,0
58,17077,14534,1,27,0,1,345,2,5,0
45,1294,23854,0,8,4,2,537,4,8,0
24,11177,42998,0,11,0,0,309,1,0,0
26,10882,39065,1,4,1,0,829,3,7,0
25,2136,45607,1,27,0,1,477,2,9,0
29,3064,7812,1,34,3,1,305,4,4,0
51,8009,4557,1,4,0,2,606,1,5,0
50,13987,2179,0,33,2,2,847,2,5,0
65,5543,43798,0,33,0,2,626,0,0,0
72,2007,9065,0,12,1,2,655,3,2,0
40,6445,8275,1,38,0,2,694,4,5,0
79,11706,47857,0,13,3,2,599,1,8,0
41,15749,35948,0,10,4,1,825,0,5,0
54,12718,20700,1,37,0,2,584,2,5,0
52,10439,39464,1,3,0,1,629,3,0,0
61,14281,42351,0,32,2,1,349,2,8,0
57,2435,27794,1,6,3,0,677,2,3,0
39,1571,28783,0,7,4,1,837,1,1,0
44,3382,16998,0,36,1,1,443,0,0,0
52,6084,13869,1,9,0,2,359,4,2,0
18,17661,44525,0,14,4,1,374,1,2,0
52,14507,28152,1,37,1,2,302,3,4,0
54,8059,20954,1,14,3,2,747,2,0,0
64,19271,31555,0,4,3,2,574,3,6,0
31,13771,16654,0,28,4,0,829,1,0,0
20,18649,45026,0,18,1,2,514,1,3,0
18,8491,35236,1,9,3,1,784,4,5,0
22,15527,46976,0,11,4,2,628,2,0,0
43,18424,15042,1,3,3,2,554,1,6,0
72,15859,25966,1,30,3,2,686,3,9,0
31,9073,48407,0,17,3,0,425,4,6,0
56,10077,44314,1,15,2,1,849,3,2,0
44,12383,45095,0,39,1,0,623,2,3,0
26,17378,14270,0,35,4,1,503,4,5,0
32,3353,30908,0,24,4,0,471,4,6,0
32,5799,15523,0,22,1,1,516,4,3,0
43,18070,47068,0,11,1,0,544,0,9,0
59,12939,19991,0,33,1,2,635,4,8,0
77,3428,10775,0,35,1,0,597,3,8,0
30,12296,12265,1,36,0,0,481,3,8,0
68,8813,19459,0,2,4,2,633,2,9,0
49,15414,16673,1,8,0,2,810,1,5,0
56,12801,27056,1,17,3,1,682,1,1,0
66,12745,6614,1,34,3,1,498,0,1,0
69,14025,36020,0,33,4,1,631,4,3,0
78,4356,7415,1,13,3,0,464,0,8,0
49,15288,23155,1,3,1,1,541,2,2,0
21,7540,49430,0,28,0,0,526,2,5,0
47,17422,43884,0,14,1,0,750,1,1,0
54,4342,16964,1,27,3,1,495,2,0,0
40,10078,37726,0,15,0,1,503,4,4,0
56,3844,37044,0,11,1,0,757,3,7,0
62,11396,37544,0,4,4,2,556,2,9,0
32,18482,49976,0,33,1,2,828,0,9,0
60,19207,32252,1,0,3,0,571,4,1,0
46,14998,3832,0,38,0,1,308,2,9,0
53,14261,25275,0,31,4,0,500,2,8,0
30,4093,14901,0,25,0,0,358,4,7,0
49,12722,38213,1,16,4,1,692,2,2,0
24,12645,34148,1,26,0,2,418,3,0,0
76,16083,42633,0,23,3,0,698,1,3,0
68,1988,22918,0,34,4,2,630,4,7,0
39,7446,46694,1,38,2,2,566,0,2,0
45,17335,19540,0,25,0,1,819,2,9,0
19,17133,11580,0,37,0,0,779,1,1,0
59,2682,38402,1,22,1,0,433,0,6,0
62,6626,38578,0,21,4,2,654,0,3,0
79,8424,24917,0,3,2,2,797,3,5,0
74,13857,22318,1,8,3,1,406,1,4,0
70,13155,10179,1,3,1,2,589,4,1,0
23,18317,12251,0,6,2,1,446,1,9,0
45,12425,45899,1,22,4,0,626,1,1,0
45,2980,19493,0,1,2,1,714,0,8,0
61,16522,20466,0,23,0,2,509,3,9,0
61,9984,30206,0,39,0,0,595,3,1,0
37,18175,45475,1,30,1,1,697,1,7,0
47,16883,19624,1,30,4,0,402,1,7,0
79,6390,26564,0,39,4,1,807,2,0,0
28,19639,22412,0,33,2,2,508,0,0,0
75,2607,27990,1,23,1,2,727,4,3,0
72,7573,35517,1,25,4,0,692,4,1,0
45,18368,13156,1,15,0,0,408,3,0,0
42,6776,23064,0,12,2,0,647,0,8,0
56,4676,25711,1,14,3,1,349,3,2,0
79,4380,30106,1,26,0,2,404,4,0,0
50,9711,16589,0,3,1,0,719,1,1,0
18,9782,23736,0,15,4,0,672,0,7,0
74,18434,20975,0,29,0,0,326,0,4,0
44,14997,36218,1,29,3,1,572,2,6,0
79,7342,7214,0,35,3,0,639,1,5,0
74,18343,30581,0,2,1,0,600,1,0,0
69,7059,20195,0,21,0,1,779,3,5,0
30,9884,44582,0,21,2,1,843,0,6,0
58,6655,27127,1,11,0,0,564,3,3,0
20,13091,5141,0,20,3,0,841,1,7,0
56,16251,28884,1,3,1,1,465,2,7,0
23,1526,24885,1,30,1,2,615,0,6,0
25,4224,2708,1,30,2,1,300,1,1,0
44,16069,18375,0,22,1,2,560,2,5,0
26,12536,15088,1,19,1,0,362,4,5,0
79,14547,44602,0,14,1,0,782,1,6,0
54,19259,45046,0,22,1,2,620,4,5,0
50,2763,10014,0,27,1,1,500,3,1,0
68,9712,3273,1,15,3,0,521,4,7,0
59,6797,47135,0,36,0,2,451,1,3,0
61,10208,37306,0,20,4,1,761,4,8,0
41,6109,30881,0,14,1,2,516,0,7,0
32,17500,31486,1,16,4,1,495,1,2,0
76,3433,12541,1,36,4,1,501,2,2,0
71,17967,8712,1,12,3,1,533,4,7,0
49,5167,9168,0,18,1,1,440,0,1,0
49,18773,3551,1,29,4,2,797,3,8,0
41,9357,12297,0,17,1,2,356,3,3,0
58,7154,43733,0,13,2,2,803,4,5,0
69,9920,27128,1,35,2,2,441,3,2,0
66,19427,2832,0,35,2,2,838,2,2,0
79,18162,28483,1,19,4,1,405,1,2,0
66,1213,22063,0,18,2,0,464,0,9,0
75,4762,22963,1,6,3,0,514,4,1,0
69,14399,13422,0,3,3,2,370,3,7,0
29,10768,32920,0,33,4,2,389,1,8,0
79,11640,11156,0,1,1,0,527,2,7,0
56,7731,11108,0,4,0,1,378,3,9,0
19,6791,31845,0,9,1,2,648,3,2,0
20,16822,2800,1,31,1,1,545,0,6,0
66,9783,38078,0,12,1,0,571,2,9,0
54,14621,42712,1,38,1,0,702,2,1,0
66,17019,2610,1,4,0,2,415,4,3,0
73,3720,12067,1,9,2,1,734,0,5,0
34,9905,33872,0,9,1,2,829,4,4,0
76,10127,10728,0,37,3,0,741,0,8,0
66,17385,29566,0,26,4,1,471,2,9,0
19,7368,29783,1,20,4,2,315,0,3,0
19,15056,20583,0,7,3,2,355,0,4,0
45,13236,20238,0,0,1,2,402,0,3,0
71,19333,7263,1,27,0,0,583,1,7,0
40,15451,1914,1,38,2,2,816,1,7,0
54,18301,23749,1,13,4,1,577,2,2,0
49,11433,19456,1,20,2,2,568,0,0,0
50,16525,25582,1,29,0,0,699,2,5,0
18,1089,406,1,20,4,2,802,1,1,1
36,19093,13689,0,8,2,0,385,0,1,0
79,11361,32934,1,16,0,0,619,4,2,0
19,17369,33276,0,4,2,1,331,1,7,0
70,4041,36432,0,30,1,1,635,1,2,0
61,1105,19873,0,39,0,2,350,1,6,0
43,10078,13050,1,37,2,0,378,0,9,0
49,19279,680,0,18,1,0,473,3,9,0
23,7090,18908,1,35,1,1,800,4,8,0
49,7082,18504,1,32,0,1,375,4,7,0
72,18018,21644,0,12,3,2,615,2,0,0
21,2925,37125,1,13,4,0,672,0,6,0
72,19440,1363,0,32,0,1,380,1,6,0
28,7917,42291,0,28,1,2,370,3,7,0
73,1552,35060,1,35,1,0,370,0,9,0
76,4911,1538,0,9,0,0,345,0,4,0
34,4389,36176,0,30,3,1,346,3,9,0
55,14629,41520,0,5,4,2,721,1,8,0
41,3430,25675,1,0,2,1,448,0,8,0
22,1458,18287,0,6,0,2,429,4,7,0
69,14395,174,1,26,4,0,755,4,5,0
51,1207,26732,1,20,4,2,804,3,5,0
23,1899,34998,0,27,1,2,543,1,0,0
39,12653,37055,0,15,2,2,773,3,5,0
28,17405,12112,1,22,0,2,681,0,3,0
65,9601,39874,1,19,1,2,402,4,3,0
33,1894,9689,0,37,1,1,788,2,1,0
50,1514,44814,0,24,3,2,336,3,3,0
26,5109,19555,1,27,4,2,848,2,4,0
77,14258,33919,1,4,0,0,819,2,4,0
76,16313,7619,1,20,0,2,632,4,4,0
23,16349,6033,1,17,0,0,696,3,3,0
33,8179,41328,1,5,1,1,595,2,0,0
46,11326,4946,0,28,3,1,406,0,9,0
20,12787,24618,1,18,2,2,829,1,7,0
37,2560,34675,1,32,1,1,382,1,2,0
77,14612,36258,0,0,2,2,587,4,1,0
76,18650,18919,0,2,3,1,760,3,8,0
53,5780,4173,1,20,4,2,514,3,6,0
36,19311,43833,1,34,0,2,580,1,8,0
43,12894,26400,0,39,2,0,758,0,1,0
20,3356,4769,1,2,1,0,643,1,8,0
36,5790,37564,1,24,2,0,493,1,9,0
37,17690,45814,0,37,4,0,457,3,8,0
49,11181,14211,1,19,0,2,764,2,8,0
24,8057,23255,0,33,2,1,403,0,9,0
69,17082,27962,0,20,4,2,333,3,9,0
58,1661,19356,0,22,1,0,401,1,3,0
50,5644,20306,0,5,3,0,624,2,9,0
57,16711,4997,1,12,1,1,440,0,2,0
56,3920,17376,0,22,0,0,773,4,5,0
35,17002,40880,1,8,1,2,330,0,2,0
57,15025,38055,1,16,1,2,362,0,8,0
18,9946,10578,1,1,1,2,386,1,2,0
28,13732,18624,1,18,1,2,603,1,1,1
45,7236,39194,1,18,0,2,360,4,7,0
74,17309,44367,0,6,4,1,695,4,5,0
42,14518,389,0,19,2,2,633,4,7,0
67,1352,33767,0,8,3,0,710,3,6,0
40,8005,45580,0,16,2,0,583,3,2,0
48,15036,48367,1,26,2,0,765,1,7,0
47,17542,1855,0,1,3,0,379,1,9,0
59,1956,40893,1,35,0,1,376,4,0,0
52,3071,13794,1,18,3,0,839,3,0,0
24,9595,35531,0,16,0,1,660,2,9,0
77,16140,4986,0,4,2,0,376,3,7,0
33,13803,32298,0,38,0,1,808,1,8,0
43,4453,1481,0,17,4,1,463,3,9,0
65,7675,3731,1,6,3,1,308,1,5,0
74,1955,16835,1,16,4,0,474,4,4,0
69,7295,27798,0,38,2,1,761,4,1,0
77,16921,26113,1,35,3,2,606,4,8,0
66,19096,19477,1,39,2,2,544,2,5,0
19,16282,17266,1,3,4,0,421,2,7,0
18,5703,20792,0,37,2,2,484,1,8,0
65,7563,20452,1,24,3,2,331,0,8,0
79,13003,43526,0,4,3,2,609,2,7,0
29,11817,49079,0,29,2,0,671,1,9,0
22,12171,41334,1,11,3,0,355,3,7,0
54,13582,11889,1,3,3,2,572,4,2,0
49,13201,24335,0,23,2,0,763,4,2,0
76,18778,11254,1,28,4,1,755,4,1,1
72,13473,21074,1,8,3,2,548,1,0,0
26,10461,11442,0,3,3,0,377,4,3,0
58,16596,46289,0,23,3,0,833,2,1,0
52,1529,37327,0,13,3,2,407,3,1,0
36,13765,16199,0,4,2,0,572,4,4,0
65,14910,7291,1,17,4,2,314,1,3,0
33,12561,40928,1,18,4,0,669,3,0,0
20,10131,112,0,11,0,1,603,4,8,0
37,1525,21515,0,17,3,2,504,0,3,0
41,17385,19581,0,16,3,1,412,4,4,0
71,1374,48692,1,29,0,2,552,2,6,0
73,13197,26500,0,23,4,0,740,3,1,0
50,5648,32026,1,10,1,1,485,2,7,0
41,3365,16523,0,34,1,0,526,0,1,0
69,18909,1424,0,22,4,2,827,0,9,0
28,2646,19552,0,16,3,2,653,2,4,0
66,1013,10808,1,0,1,2,300,3,1,0
25,5599,38811,1,14,2,2,719,0,1,0
53,3278,6989,1,31,2,2,460,0,3,0
55,15296,23620,0,8,0,1,460,4,3,0
57,4155,39029,1,14,4,2,427,1,7,0
37,9321,887,1,27,4,0,450,0,5,0
79,4814,31802,0,23,1,1,743,3,9,0
52,14125,19488,0,34,3,0,770,3,7,0
65,4216,30013,1,21,4,2,762,4,6,0
79,3113,49201,1,26,1,0,329,3,9,0
42,11238,16402,1,18,1,1,772,4,3,0
52,14760,21205,1,11,4,1,379,0,1,0
42,13588,26049,0,19,1,1,338,0,8,0
46,4374,12253,0,0,0,0,539,0,1,0
35,7430,18990,0,20,0,1,636,0,0,0
63,12970,7846,1,0,4,0,579,1,7,0
35,1629,25027,1,9,3,2,415,1,9,0
19,17653,39200,0,31,0,2,568,0,8,0
71,11831,46220,0,38,0,0,634,3,0,0
52,6724,46163,1,21,4,1,611,4,6,0
33,12083,3765,1,17,2,0,352,2,1,0
78,14149,15950,0,31,1,0,367,4,5,0
58,10472,45270,0,26,0,0,333,2,4,0
53,7276,9741,0,27,2,2,685,2,0,0
50,16635,22742,1,17,3,0,548,0,1,0
21,6895,24703,1,38,2,2,410,2,1,0
50,14994,38709,1,28,4,0,393,0,9,0
31,11552,37623,1,17,3,2,709,1,9,0
38,17959,22931,1,7,3,0,478,3,5,0
65,7099,23580,1,30,2,0,346,2,0,0
37,10499,15166,0,33,4,1,675,3,3,0
73,4178,29240,0,6,0,1,501,0,9,0
25,7116,25991,1,35,2,0,744,2,4,0
24,16563,38556,0,17,0,0,596,4,1,0
20,4568,32969,1,37,2,0,607,1,1,0
34,10847,10561,0,8,0,0,792,1,6,0
50,15135,16901,1,8,2,1,637,2,6,0
65,19587,40505,0,7,3,2,365,1,5,0
29,18774,30020,0,34,1,0,721,4,0,0
76,2742,25917,1,17,3,1,839,3,2,0
68,19309,1988,1,4,0,0,792,4,8,0
39,1619,48209,0,13,4,0,616,1,9,0
72,18658,44505,0,27,3,2,374,3,0,0
39,18340,14256,1,29,1,0,358,4,1,0
63,2939,22192,0,3,0,0,685,0,7,0
47,17001,28230,1,38,3,2,314,0,6,0
55,1968,39930,1,19,2,2,530,3,8,0
55,15846,45833,0,24,4,2,498,3,9,0
62,1281,22625,1,27,0,2,653,3,3,0
68,16360,32088,0,11,3,1,334,0,3,0
71,7262,14114,0,1,0,1,461,4,6,0
25,2058,41167,1,13,2,1,770,3,0,0
44,11724,38401,0,21,1,0,830,0,9,0
44,6178,5755,1,30,3,2,722,3,8,0
51,7980,10825,1,22,0,2,647,3,1,1
38,10200,22693,1,19,0,1,446,3,0,0
47,2229,4117,0,37,0,0,673,0,6,0
50,9467,24729,1,3,1,0,715,4,5,0
45,3289,32182,0,14,0,0,793,0,2,0
64,2239,28890,1,23,4,1,555,0,0,0
50,6370,29340,1,24,4,0,402,3,4,0
22,17170,1518,1,0,0,0,420,2,9,0
77,1125,30949,0,6,4,0,718,2,3,0
78,13504,22547,0,30,3,2,649,2,4,0
65,16398,16346,1,11,4,1,341,0,0,0
36,7638,2600,1,4,0,2,666,3,0,1
21,7570,46005,0,37,2,2,328,2,4,0
52,4249,29267,0,11,3,1,313,1,5,0
66,10110,36322,0,38,1,2,784,1,4,0
34,8595,26990,1,17,0,0,488,1,1,0
61,14605,16193,0,1,1,0,594,4,8,0
45,13115,30109,1,9,2,0,482,3,4,0
47,7294,19233,0,14,1,0,847,0,4,0
46,6757,48021,1,29,0,1,336,0,9,0
63,13595,16194,1,16,0,2,313,3,8,0
70,2969,34510,1,3,2,2,458,4,2,0
23,11985,1306,0,6,0,0,793,3,4,0
52,18275,3849,0,30,2,0,628,4,4,0
77,5470,12360,0,38,2,2,382,2,1,0
58,11225,45536,1,33,0,1,321,2,3,0
54,10556,29231,1,5,4,2,431,4,1,0
41,10206,45800,0,37,2,0,764,3,4,0
46,10991,36963,1,33,0,0,755,2,9,0
66,8519,18689,1,14,4,1,601,3,1,0
63,14669,29084,1,13,2,2,566,2,9,0
70,5612,40387,0,5,4,1,694,3,8,0
48,13373,9280,1,36,3,1,419,3,9,0
52,18582,2642,0,31,3,0,545,1,5,0
77,16552,42137,0,2,4,2,337,4,7,0
50,15646,14296,0,2,2,0,544,0,8,0
69,6238,15438,0,21,0,2,320,4,7,0
78,16577,48442,0,21,1,0,409,3,4,0
38,16504,37525,1,9,0,0,693,3,4,0
49,4719,2994,0,2,1,2,709,4,5,0
40,1302,47994,0,11,1,2,307,3,0,0
50,13144,34039,0,28,2,0,743,2,7,0
20,18370,1813,1,16,4,2,627,3,1,1
35,11055,27491,1,6,0,0,589,4,5,0
42,5440,18845,1,12,4,2,810,4,8,0
59,4072,41243,1,1,3,0,660,4,2,0
48,14598,37164,0,3,2,0,518,1,1,0
71,15287,42051,0,9,2,0,705,1,9,0
75,14965,13318,1,38,3,1,519,1,4,0
20,10519,17200,1,23,0,2,406,1,8,0
57,14380,82,1,16,3,0,585,1,5,0
63,12865,1920,1,5,0,1,307,1,7,0
41,9125,40585,0,18,1,0,488,1,7,0
67,4291,11683,1,4,2,1,380,4,6,0
49,5033,11336,1,31,0,0,407,0,4,0
64,6105,15596,1,9,4,0,620,1,1,0
39,18087,2093,1,8,4,1,645,4,9,0
40,9133,12905,1,26,2,1,627,0,9,0
19,17958,24351,1,12,3,2,601,1,4,0
44,6704,30981,1,18,3,2,499,0,6,0
59,8848,8367,0,20,0,1,718,0,6,0
19,13975,5285,0,23,3,2,338,2,1,0
43,7924,43664,0,37,2,1,606,3,6,0
34,1488,37705,0,3,0,2,303,2,5,0
57,8114,16753,0,23,1,0,376,0,6,0
50,16740,18485,0,34,3,2,767,4,7,0
26,4173,12977,1,2,3,0,478,1,3,0
60,2667,19874,1,3,0,0,575,3,0,0
71,5114,7674,0,36,4,2,451,1,7,0
65,4553,29038,1,39,3,1,463,4,7,0
56,8761,29315,0,34,2,0,589,3,2,0
46,2000,3676,1,30,3,0,677,2,2,1
59,16638,2426,1,24,1,2,609,0,4,0
72,18772,24473,1,39,3,1,688,4,2,1
43,6450,2962,1,12,4,1,482,0,4,0
52,4712,29943,1,3,3,2,605,0,7,0
67,2367,859,1,13,0,1,371,1,0,0
42,9189,44816,0,12,3,2,518,4,1,0
41,10013,4138,0,26,4,2,472,0,1,0
30,17838,35192,1,5,0,2,571,2,3,0
77,4726,25640,0,16,2,0,767,3,8,0
75,5806,10409,1,35,0,0,568,4,1,0
24,3190,4017,0,39,1,0,319,1,8,0
74,10108,10451,1,34,0,2,802,4,6,0
53,13178,28327,0,16,2,0,446,1,9,0
62,3875,10278,1,1,3,0,728,3,7,0
37,6592,24944,0,12,0,0,464,2,0,0
18,18824,43764,1,1,0,2,609,0,4,0
25,13592,1134,0,27,0,2,817,4,8,0
63,9927,30131,1,25,0,2,313,1,3,0
33,15437,37887,1,21,2,0,431,3,1,0
31,12530,38462,1,2,4,1,738,0,5,0
29,8010,22520,0,34,4,0,562,3,1,0
68,12207,21869,0,11,0,0,524,2,2,0
40,3989,36932,0,23,2,2,557,0,7,0
32,13040,5039,1,4,2,2,533,0,2,0
45,10218,21281,0,19,0,0,635,0,1,0
51,7471,47399,1,38,1,0,708,1,5,0
19,3863,10442,0,38,0,1,323,0,2,0
49,11693,8252,0,12,1,1,570,3,0,0
40,2177,27586,0,11,0,2,394,1,2,0
39,5760,17568,0,12,1,1,441,0,5,0
68,1011,20810,1,9,1,1,380,3,2,0
42,17353,1551,0,32,0,2,573,3,8,0
75,12556,12625,0,39,1,1,575,4,6,0
79,12563,34397,1,15,3,0,764,3,4,0
78,15051,26249,1,34,4,1,507,2,1,0
39,12022,1361,0,2,2,2,595,0,8,0
75,9234,26149,0,4,1,0,338,0,4,0
75,17173,4370,1,25,1,1,587,0,6,0
39,14178,5283,1,10,2,0,423,3,8,0
66,7570,7610,1,6,1,0,582,3,3,0
69,1406,43326,0,9,2,1,479,0,8,0
59,10206,14924,0,33,0,1,396,1,0,0
23,5431,47607,0,2,3,2,490,1,5,0
32,7542,44717,1,7,3,2,373,2,1,0
71,9906,10626,1,30,4,0,746,4,7,0
60,5146,34761,1,10,1,2,796,2,4,0
77,13046,869,0,6,4,0,783,0,2,0
54,13611,31552,1,1,0,0,415,0,1,0
50,14076,1014,0,5,3,2,834,0,7,0
25,17524,10103,1,31,0,2,397,4,6,0
70,5882,16986,0,19,0,2,627,3,8,0
77,15113,44781,0,33,1,1,706,4,7,0
61,14645,30471,1,15,0,0,612,2,3,0
61,7012,33458,0,24,3,0,447,3,1,0
22,18347,25069,1,11,4,0,641,3,1,1
56,8151,16873,0,6,3,2,794,2,1,0
21,4610,23248,1,38,1,2,322,3,5,0
23,10884,23624,1,16,3,2,404,1,6,0
62,7894,43516,0,10,2,2,521,2,5,0
49,14467,29061,1,5,4,2,314,2,1,0
69,17489,24170,0,22,2,1,377,1,3,0
47,10873,8024,1,26,2,2,621,4,2,1
64,13289,16678,1,5,1,0,540,4,3,0
52,13208,38256,1,37,0,2,317,4,4,0
72,11828,20411,1,1,2,0,753,3,6,0
57,3137,43803,0,21,3,2,742,1,8,0
69,2286,19296,1,19,0,2,576,2,1,0
33,16710,26293,1,24,3,0,723,2,7,0
30,12371,27172,0,14,3,0,775,2,2,0
67,16945,21128,0,28,0,0,326,3,8,0
77,8052,18257,0,7,0,0,813,3,9,0
59,4654,12855,0,36,3,1,763,4,3,0
47,19743,19642,0,32,1,0,662,3,2,0
36,16600,35585,0,21,4,2,682,4,9,0
34,9636,20025,1,4,4,2,824,4,5,0
73,7441,4458,0,38,1,1,681,2,9,0
36,10667,5307,1,17,0,0,483,3,8,0
45,13149,41701,0,37,3,2,493,4,6,0
75,2798,18425,1,36,4,1,761,1,3,0
72,10600,49831,1,29,3,2,355,1,2,0
43,6495,43427,1,30,1,1,529,3,9,0
54,10900,28273,0,9,3,1,788,2,3,0
43,14673,38506,0,14,1,0,327,2,2,0
70,12130,5668,0,17,0,1,483,4,2,0
79,16222,25934,0,22,1,2,724,3,8,0
40,2300,47195,1,32,1,2,674,1,3,0
26,10435,7697,0,15,4,0,340,4,8,0
29,5616,24417,1,37,3,0,783,4,9,0
70,17393,16446,1,34,4,1,559,0,4,0
18,11617,40597,0,33,2,0,740,3,6,0
75,6752,10751,0,27,1,2,383,4,4,0
75,10852,46218,0,1,2,2,345,1,0,0
18,7295,7352,1,29,4,0,739,0,1,1
64,18456,13516,0,12,3,0,818,1,4,0
51,4225,23299,1,15,4,0,737,2,5,0
49,2316,31957,0,4,3,1,435,0,6,0
79,13337,28927,1,27,3,1,482,0,1,0
71,7807,41094,0,38,0,2,471,4,9,0
65,4683,36412,0,19,1,1,838,2,8,0
42,8227,29493,1,23,4,1,419,4,5,0
57,4273,26711,0,26,3,1,580,3,1,0
62,1145,8003,0,29,4,1,607,1,1,0
70,6010,31707,0,26,4,2,576,1,2,0
18,17035,3278,0,25,3,0,829,4,0,0
33,4040,7296,0,6,2,2,594,1,8,0
78,10654,25398,0,37,1,1,352,1,9,0
56,17866,35842,0,4,1,0,731,3,3,0
22,18633,13261,1,22,0,0,351,2,4,0
39,18014,11173,1,27,0,0,371,0,6,0
46,15996,30449,0,33,0,2,327,4,0,0
72,17336,41080,0,14,1,0,768,4,2,0
20,9853,1637,0,31,2,2,846,3,2,0
29,12695,31781,1,25,1,2,700,3,1,0
43,3852,13652,1,30,1,1,500,0,7,0
33,17014,5103,0,18,1,1,765,2,4,0
68,1987,25500,1,8,1,0,678,4,0,0
54,8622,49796,0,28,2,0,476,3,1,0
39,10160,34800,0,38,0,1,351,4,0,0
74,18484,35529,0,3,4,2,378,1,5,0
46,7652,47963,0,2,0,2,684,4,8,0
31,8421,18452,1,28,0,1,307,2,6,0
45,1769,49393,1,10,4,2,513,2,4,0
22,18727,31174,0,32,1,1,324,4,2,0
64,15114,35436,1,37,2,1,749,1,7,0
66,5358,47406,1,10,2,0,756,2,9,0
47,12543,15954,0,26,0,0,760,3,3,0
63,19733,17186,1,32,4,1,497,4,8,0
79,6699,12356,0,20,3,0,393,1,4,0
69,18625,32963,0,38,1,1,736,3,5,0
22,2125,2187,0,30,0,2,826,4,4,0
29,11793,11707,0,37,2,2,677,1,9,0
33,7764,35098,1,1,4,2,403,3,6,0
43,13323,26935,0,26,4,2,338,2,6,0
43,14031,21225,1,35,0,1,757,4,0,1
65,15052,3606,0,10,3,2,663,4,1,0
38,13640,32828,0,17,2,2,434,2,6,0
56,8843,26489,1,0,0,2,673,0,7,0
53,15210,14387,0,34,3,2,531,3,3,0
50,17456,3927,1,34,4,1,338,2,5,0
79,11106,6296,1,30,1,2,346,4,9,0
47,6189,30444,0,27,2,0,335,3,2,0
54,3472,46390,0,38,2,0,394,3,6,0
40,18091,46893,0,0,3,0,660,0,2,0
75,19188,2591,0,24,0,0,824,4,6,0
27,7704,44895,0,37,4,0,445,1,7,0
71,4713,48516,0,19,3,0,667,0,2,0
22,6051,26147,1,2,1,1,364,0,1,0
53,11756,38889,1,1,1,0,527,1,5,0
51,3475,1200,0,17,1,2,819,1,3,0
69,4610,15721,1,9,3,0,480,0,7,0
48,5255,19238,1,4,4,1,800,3,1,0
27,15484,11087,0,8,2,0,454,2,3,0
75,2735,30816,0,1,0,2,834,2,1,0
36,9258,23408,1,33,2,2,734,0,1,0
75,8979,39740,0,37,4,1,398,3,1,0
49,3428,136,1,30,2,1,671,1,0,1
18,13345,17413,0,9,3,1,661,0,3,0
73,8426,48114,1,11,1,1,411,4,1,0
22,9533,18978,1,35,4,0,752,3,8,0
62,6249,661,1,20,4,0,468,4,8,0
21,10686,35240,1,5,2,2,438,4,6,0
33,15109,27253,0,2,3,1,530,0,5,0
41,1661,26884,0,9,2,1,538,3,2,0
33,13075,32854,1,4,2,0,552,4,6,0
72,15788,10704,1,25,4,1,735,3,0,1
19,11060,38987,0,20,2,2,721,2,8,0
66,16836,24527,0,25,1,2,602,4,3,0
45,11526,16322,1,37,2,1,371,4,5,0
49,4374,47517,1,25,1,2,562,3,5,0
44,1207,6968,1,7,4,2,521,2,2,0
37,3665,27518,1,4,3,0,376,4,3,0
41,19877,46364,1,14,1,2,361,0,9,0
29,1632,27886,0,15,3,1,770,3,2,0
67,4083,1700,1,0,3,1,456,3,5,0
52,14711,28246,0,15,1,2,424,4,0,0
77,11123,35468,0,36,4,1,460,2,7,0
50,8123,23199,0,2,0,0,840,4,7,0
50,11754,44589,1,30,3,2,834,1,8,0
78,2679,32115,0,12,3,2,405,4,5,0
68,16901,5520,0,15,4,2,430,1,0,0
60,1236,44278,0,20,4,1,656,0,2,0
54,8446,36455,0,1,2,1,301,3,0,0
29,5443,49748,1,26,4,2,532,3,4,0
20,16463,20929,1,37,3,1,668,2,2,1
18,9555,41605,0,25,1,1,550,4,1,0
50,19752,14955,0,37,0,2,407,0,2,0
57,17669,44049,1,24,2,2,575,1,8,0
27,1148,13917,1,10,1,1,479,2,7,0
60,14395,4757,1,7,0,2,592,0,2,0
61,5895,13045,0,7,0,2,474,0,1,0
46,18396,41680,1,32,0,2,422,1,4,0
30,12023,4733,0,6,1,2,526,1,0,0
29,11699,30954,0,37,2,1,743,3,3,0
48,10715,31135,1,20,2,2,727,4,7,0
63,17163,7081,0,7,0,0,382,2,0,0
19,6782,41458,1,20,1,2,364,4,4,0
78,19792,23501,0,19,0,0,580,2,3,0
68,17724,21113,1,7,4,2,690,0,5,0
67,3817,34441,0,30,2,0,727,1,6,0
52,16096,47086,0,28,3,0,406,1,8,0
40,19880,24690,1,8,0,2,847,0,0,1
34,6299,43939,1,14,4,2,561,0,9,0
43,10917,29345,1,29,2,2,458,2,3,0
25,19073,46313,1,25,1,0,564,0,5,0
46,4267,44571,0,9,2,1,767,2,9,0
43,5406,26829,1,28,1,1,501,4,6,0
27,18826,35062,1,15,1,2,454,1,6,0
43,11382,3630,0,35,0,1,312,1,7,0
79,5437,47861,1,19,0,1,596,1,9,0
51,6435,31870,1,36,2,2,797,4,7,0
68,5107,49298,0,21,4,0,544,4,7,0
58,1560,47221,1,6,2,2,599,3,7,0
24,13329,44942,1,22,3,1,661,2,7,0
21,2826,3453,1,39,1,0,653,2,5,0
75,12421,37275,1,28,1,1,820,3,8,0
70,13265,43370,1,15,0,0,685,1,2,0
67,8629,38396,1,37,4,1,611,2,5,0
62,9325,8328,0,27,0,2,713,2,4,0
28,8693,15534,1,37,3,1,577,1,7,0
46,9264,19744,0,30,2,1,655,0,3,0
73,13686,19389,0,13,2,0,824,0,3,0
53,14716,36320,0,32,4,1,315,3,9,0
42,7721,49170,0,8,0,2,344,4,9,0
38,8373,35010,1,26,0,2,620,2,4,0
78,6907,14665,1,23,3,2,625,2,5,0
74,17127,37865,1,12,2,0,447,3,3,0
53,6656,8640,0,25,0,0,654,3,1,0
27,9984,34716,1,28,4,1,535,2,1,0
54,9286,25521,1,27,2,1,404,1,2,0
26,6901,30049,1,27,3,1,773,1,1,0
41,5917,5618,0,7,4,0,695,4,0,0
52,9429,37004,0,22,1,0,745,2,7,0
66,15716,1920,1,28,3,1,519,2,4,0
52,16795,43937,0,4,4,0,741,2,9,0
65,12138,4188,0,6,0,0,327,2,0,0
53,3530,12207,1,35,1,2,774,3,8,0
35,19344,238,0,26,3,2,604,0,7,0
66,18432,32972,0,1,0,1,704,2,3,0
56,6772,10799,1,24,1,1,812,0,7,0
49,16476,5552,0,8,2,2,801,1,9,0
41,19913,28916,0,26,0,0,647,4,6,0
40,16751,4927,0,0,4,1,539,1,6,0
79,3964,27964,0,22,3,1,636,2,0,0
49,8137,11164,0,9,1,1,325,1,5,0
54,18347,37158,0,24,0,0,708,3,3,0
29,17920,19071,0,2,2,2,376,0,9,0
66,14891,48409,0,5,3,1,516,2,9,0
72,8340,6160,1,5,3,2,627,3,9,0
30,8967,15810,1,1,0,2,322,0,1,0
40,13415,5126,1,17,2,0,609,3,9,0
42,12871,30009,1,22,1,0,566,1,6,0
52,12916,33584,0,1,0,0,714,2,8,0
58,9734,46182,1,11,1,0,566,1,4,0
47,1845,25396,1,21,3,0,632,4,7,0
34,3494,192,0,36,1,0,749,2,4,0
66,13677,36413,0,19,2,1,546,1,6,0
79,19268,12816,0,38,4,2,335,2,6,0
37,13330,39082,0,23,2,0,700,0,8,0
65,6179,32130,0,19,1,1,327,2,2,0
42,7610,40142,1,0,0,2,519,2,0,0
39,7430,36468,0,0,3,0,705,0,1,0
30,8154,30698,1,16,4,0,570,1,5,0
76,14828,10655,1,0,0,1,810,2,9,0
36,11145,47897,0,29,0,2,585,3,9,0
66,7488,30075,1,2,2,0,753,2,8,0
53,4850,9359,1,10,1,2,616,1,2,1
29,18073,36661,0,23,2,1,596,0,9,0
78,14564,39579,1,21,1,0,637,1,1,0
58,6078,42056,1,25,2,2,606,4,0,0
36,13168,33272,1,12,0,1,727,2,1,0
29,6448,42581,0,0,3,1,650,2,2,0
26,18563,14671,0,23,1,0,810,0,6,0
24,10074,27048,0,9,4,2,824,2,1,0
45,7406,10738,1,34,4,0,791,3,4,0
31,9800,25963,0,23,0,0,308,3,1,0
48,15083,43954,1,27,2,2,796,1,6,0
69,2638,6773,0,35,2,2,739,0,9,0
36,11340,36584,1,15,0,2,407,4,7,0
75,2382,29894,0,39,4,1,544,1,7,0
64,2403,717,0,15,4,1,554,0,7,0
33,10011,11676,1,16,2,2,332,0,9,0
70,4292,4434,0,14,1,1,322,1,8,0
22,10011,49810,1,15,3,0,348,1,0,0
52,1419,37825,0,14,1,2,761,2,0,0
29,13411,29100,0,33,4,0,635,4,9,0
42,5517,4994,1,10,1,2,657,3,1,1
69,16422,4234,1,0,3,0,421,2,5,0
76,10700,3764,1,14,1,2,743,0,0,1
38,6693,43949,0,25,1,0,658,4,4,0
53,1767,37405,1,3,1,2,645,4,4,0
70,19428,34872,0,4,1,2,492,1,3,0
40,15818,42215,1,34,0,1,715,4,4,0
33,2549,23185,1,12,4,0,676,4,0,0
74,10956,43442,1,9,3,1,762,0,5,0
56,7140,41153,1,10,4,0,445,2,6,0
62,11837,11999,1,17,0,1,777,4,7,0
70,4716,36487,1,33,0,2,707,1,1,0
59,5481,2581,0,38,0,1,585,2,6,0
75,7548,2763,1,22,0,1,410,1,5,0
56,19677,27374,0,6,1,2,349,4,8,0
31,5837,38759,1,38,4,1,313,2,7,0
48,8758,10531,1,2,2,2,433,4,3,0
75,11900,25307,1,11,3,0,642,0,8,0
22,8993,30835,0,6,0,1,585,2,0,0
52,6542,11064,0,25,4,2,613,1,5,0
40,15828,11312,1,32,0,2,596,0,7,0
46,17052,37548,0,36,0,1,463,3,3,0
60,3385,36945,1,14,0,0,796,1,1,0
28,15308,47937,1,1,0,1,315,4,1,0
35,1671,6476,0,6,0,2,643,1,9,0
64,1163,24565,0,31,3,0,377,3,0,0
29,9656,2382,0,3,4,1,645,1,4,0
26,12234,49683,0,19,0,2,371,0,5,0
27,5795,22463,1,35,0,1,569,1,3,0
75,11634,45276,0,31,0,0,586,2,3,0
61,5798,33402,0,27,0,0,365,3,4,0
34,19739,26345,1,12,1,0,367,1,4,0
78,11749,44764,0,0,1,0,492,3,8,0
55,6827,26946,0,34,2,0,354,0,7,0
24,5719,14162,0,29,0,1,678,2,8,0
63,1593,49154,0,35,2,0,467,4,2,0
30,8394,46773,1,24,3,0,708,1,2,0
57,15056,8397,1,15,2,2,807,0,0,1
59,11636,22335,0,18,4,0,836,3,9,0
26,1016,45095,0,0,1,2,401,3,5,0
67,4191,14394,1,4,1,2,721,0,3,0
44,1392,27197,0,21,0,2,777,1,7,0
75,7272,22010,0,23,0,1,419,4,1,0
19,17955,24123,0,36,3,1,590,1,1,0
22,4631,22387,0,35,3,2,787,2,6,0
46,7172,2890,0,35,4,1,460,1,4,0
54,10312,27769,0,3,0,0,377,2,0,0
55,19663,43626,0,35,0,1,337,3,6,0
36,9906,8026,0,17,3,0,693,2,6,0
25,18159,3306,0,15,3,0,740,4,9,0
65,19631,33665,1,17,3,1,839,0,5,0
62,17462,9277,1,21,1,1,761,2,3,0
18,9080,42239,1,1,2,2,593,1,7,0
39,8099,47664,0,20,2,1,699,2,1,0
69,15916,48008,0,35,0,1,391,3,1,0
34,8083,14683,1,38,1,1,305,2,1,0
24,10223,670,0,38,3,0,570,4,2,0
42,5940,23675,1,28,0,0,398,2,5,0
62,4456,17889,0,25,1,0,825,4,0,0
21,8788,44535,1,20,4,2,493,1,1,0
53,3711,13006,1,16,1,2,456,3,9,0
23,12280,48536,1,15,0,2,414,0,1,0
77,19052,26531,0,30,2,0,695,1,0,0
48,17531,21639,1,8,3,1,821,1,2,1
36,13089,16633,0,30,4,2,513,0,9,0
78,11142,34660,0,13,1,2,832,2,6,0
61,17749,3439,0,36,0,0,314,2,0,0
71,16587,32172,0,1,0,2,718,2,6,0
56,10866,35622,0,13,3,1,667,3,4,0
44,5531,11577,0,32,0,0,512,1,8,0
27,13686,11763,0,34,0,0,304,4,1,0
43,6330,20176,1,38,3,1,530,0,0,0
36,6510,44386,1,19,4,1,500,1,8,0
56,9964,24255,1,1,2,1,701,2,7,0
79,7493,41003,0,18,2,2,448,0,9,0
20,11759,19996,0,36,1,1,791,4,5,0
62,6439,35386,0,17,4,0,525,1,4,0
30,15473,21062,0,15,1,1,468,1,7,0
67,10765,35931,1,3,2,0,451,3,7,0
45,14279,35710,0,11,3,0,523,1,4,0
79,7511,34693,1,28,0,2,803,1,6,0
75,12483,35740,0,6,2,1,849,4,0,0
37,18630,11705,1,13,4,2,343,4,3,0
45,3376,43408,0,11,2,1,803,0,1,0
25,12824,28047,1,34,4,1,540,2,9,0
78,19211,10966,0,4,4,1,650,4,2,0
58,7979,17374,1,16,4,1,322,0,0,0
56,10832,11138,0,31,1,1,342,1,1,0
18,13504,15935,1,9,3,0,765,0,0,1
20,7910,45913,1,16,2,0,339,0,7,0
30,15089,489,0,4,3,1,602,0,3,0
45,3196,44516,1,8,0,0,474,0,2,0
79,6978,22260,0,32,2,2,831,4,0,0
74,18153,26069,0,35,3,2,760,2,1,0
77,1780,19275,0,35,3,2,492,0,2,0
66,10908,36284,1,17,0,1,543,3,2,0
42,7303,39178,1,8,4,1,579,1,5,0
73,15686,32821,0,28,2,0,335,1,9,0
50,4983,16999,0,13,2,0,839,1,7,0
55,10503,38712,1,24,0,0,453,1,5,0
70,17905,40172,1,14,4,2,322,1,1,0
23,14070,33722,1,5,2,2,390,0,1,0
75,13232,10625,0,28,2,2,689,2,6,0
61,5583,1629,0,14,2,2,658,3,0,0
62,6946,10973,0,28,4,0,849,4,0,0
49,17377,6859,0,3,0,1,527,3,6,0
62,8128,41609,0,17,2,1,501,4,8,0
78,12889,43307,1,38,3,2,649,4,4,0
64,13275,45450,0,15,4,1,337,3,0,0
38,3461,36046,1,10,1,1,799,0,4,0
33,15291,21839,1,13,0,1,342,1,0,0
71,15036,27216,0,2,3,2,816,0,9,0
38,12435,18945,1,37,2,0,367,1,8,0
28,1685,6539,0,17,1,0,422,2,3,0
77,19544,49522,1,19,0,1,635,4,8,0
54,13258,33625,0,24,4,0,452,3,1,0
53,16990,4886,0,37,1,0,461,2,6,0
52,17422,45713,1,12,1,2,513,1,1,0
36,11736,7485,0,3,3,2,675,0,3,0
37,5875,31455,1,13,0,1,742,3,5,0
74,18640,46448,0,32,3,1,722,4,1,0
35,12182,16767,0,27,3,1,837,2,1,0
64,3196,47165,0,36,2,2,529,4,1,0
58,8165,28453,1,7,4,0,358,1,2,0
66,16997,10744,1,33,1,2,395,4,4,0
31,15215,37102,0,4,0,2,561,0,8,0
32,1301,12226,1,4,4,0,653,2,5,0
48,18030,27869,0,30,4,0,611,2,8,0
18,15571,22588,1,8,0,1,435,0,9,0
70,10951,13440,1,31,4,0,772,4,4,0
71,11773,31709,0,32,2,0,729,0,5,0
71,17140,47788,0,2,4,0,836,3,9,0
20,14057,22495,0,29,2,0,445,0,7,0
33,13500,37019,0,11,1,1,823,4,2,0
40,16921,44948,0,28,1,1,386,0,1,0
74,12870,48908,1,2,3,0,408,1,2,0
28,5082,922,1,25,2,0,722,0,8,0
29,14718,27526,0,29,1,1,644,0,5,0
27,11517,7957,0,8,4,1,565,4,9,0
49,4754,48564,0,25,0,0,793,3,3,0
33,2724,33998,1,1,0,2,632,3,9,0
25,2376,43395,0,2,2,1,712,4,2,0
55,9706,24031,0,3,3,1,490,4,1,0
29,9894,10006,1,24,4,1,441,4,3,0
41,19037,37701,1,12,2,0,372,1,8,0
45,19450,47063,1,38,0,0,466,2,3,0
70,17406,25939,1,34,2,1,467,0,4,0
25,19844,49145,0,22,4,0,558,4,7,0
75,6926,20324,1,8,1,0,738,4,1,0
45,7251,22867,1,1,4,1,410,4,2,0
53,10496,203,0,30,1,0,830,3,5,0
43,4300,16544,0,1,1,2,589,4,6,0
25,9553,15899,0,31,1,0,809,0,3,0
75,4727,29063,1,17,2,0,474,4,0,0
77,17898,25344,0,12,0,1,601,0,6,0
67,17832,3748,1,4,2,1,484,1,8,0
45,7019,39486,1,9,0,2,638,2,0,0
45,16463,1093,1,24,4,0,809,3,0,1
54,11047,15228,0,33,3,2,609,0,0,0
58,12754,20884,1,36,4,2,806,1,9,0
53,3520,25183,0,29,2,1,645,2,6,0
44,4081,16034,0,6,2,0,380,2,8,0
71,2428,5710,0,5,0,1,673,2,2,0
34,4967,42500,1,2,2,2,455,0,7,0
26,7445,19259,1,12,1,2,731,1,8,0
50,15566,35959,1,2,2,1,799,4,2,0
70,15042,33457,0,25,0,1,446,1,2,0
37,12329,20143,1,23,0,1,780,1,0,1
30,3159,2103,1,5,1,1,734,1,1,1
45,6132,365,1,11,0,1,818,0,6,0
65,19931,46778,1,35,3,2,368,0,2,0
46,15933,44535,1,1,4,1,485,0,6,0
30,11473,16103,0,10,2,0,503,1,4,0
63,11805,32510,0,38,3,2,312,0,9,0
52,4083,24476,0,33,2,2,573,2,7,0
78,18421,12742,0,25,3,0,597,0,4,0
23,14944,12391,1,17,2,0,350,3,2,0
35,8604,36940,0,20,1,2,799,0,8,0
68,16379,28901,1,35,0,1,668,0,6,0
22,4983,32001,0,39,0,2,656,0,4,0
64,2778,15623,0,21,1,2,302,0,6,0
42,6110,2378,0,29,3,0,553,3,9,0
19,13087,21372,1,29,4,2,774,4,8,0
27,18508,44799,1,7,3,1,805,0,4,0
73,18081,38437,0,33,0,0,555,2,6,0
47,3179,35503,1,8,4,2,449,3,8,0
67,10596,30746,0,19,2,2,787,4,0,0
76,6251,27923,0,39,4,1,578,0,3,0
62,10235,9867,0,24,3,2,358,4,0,0
22,19313,41258,1,18,1,2,745,2,7,0
72,15871,33724,0,4,2,2,412,3,2,0
73,2013,9306,0,10,3,2,788,3,1,0
50,17610,39391,0,14,2,1,706,4,3,0
71,2828,14908,1,7,4,2,666,0,2,0
18,8909,27081,0,18,0,2,359,1,4,0
35,6588,37228,1,22,3,2,628,3,7,0
49,14109,23386,0,26,1,0,768,1,9,0
64,3023,46754,1,39,4,1,362,3,7,0
66,15537,45406,0,31,3,0,483,0,6,0
28,6891,28302,0,25,1,0,610,0,7,0
38,2080,19212,1,26,3,1,837,3,4,0
43,6036,35618,1,18,4,0,476,4,9,0
42,16379,46067,0,28,3,0,728,0,9,0
39,11822,10698,1,38,2,0,372,0,5,0
76,3563,4594,0,32,4,1,466,2,7,0
44,4292,25525,0,18,3,2,524,0,0,0
66,4586,14282,0,36,0,1,308,2,5,0
30,17087,49053,1,18,3,1,535,0,5,0
50,17100,14334,0,32,2,1,327,0,4,0
51,7643,29179,1,15,1,0,326,4,3,0
58,4959,6644,0,22,1,2,849,4,0,0
52,12005,35618,1,6,1,1,495,0,9,0
18,11775,47701,1,25,0,1,502,3,7,0
38,1161,32933,0,31,2,2,384,3,5,0
65,17029,43469,1,11,4,2,329,0,2,0
72,17977,33687,0,7,1,2,765,3,2,0
23,15226,41073,0,4,2,0,398,0,5,0
45,12154,17375,0,27,3,2,489,4,6,0
34,13080,48483,0,4,0,0,311,1,7,0
22,4390,30926,0,25,2,1,329,2,4,0
48,6997,36607,1,4,2,0,337,3,9,0
22,13693,17642,0,21,4,2,593,3,5,0
55,18047,23993,1,14,2,0,659,4,0,1
20,10324,44386,1,12,4,2,479,3,5,0
70,1541,46287,0,27,0,0,411,0,8,0
40,6093,21188,1,32,0,1,743,0,9,0
54,14428,32596,0,22,3,0,320,1,3,0
70,12166,27772,1,32,4,1,444,1,9,0
54,18251,30857,1,17,4,2,798,1,0,1
27,17063,10776,1,29,1,1,445,0,8,0
27,11258,32835,0,25,1,2,740,1,3,0
36,17044,9788,1,15,3,2,720,1,1,1
34,6469,5660,0,12,0,1,615,0,0,0
38,7256,4478,1,38,1,1,465,4,2,0
31,11720,8210,1,32,2,0,502,3,6,0
26,2169,10922,1,25,0,0,795,2,9,0
63,1830,36289,1,0,2,1,767,0,1,0
18,2651,33340,0,37,4,1,684,0,8,0
68,18520,39850,0,1,0,1,613,2,1,0
62,10518,38163,1,5,3,1,554,2,4,0
30,14258,48175,1,37,4,2,322,1,7,0
21,17184,18642,0,23,4,1,638,2,9,0
79,2019,11094,0,17,2,1,792,3,7,0
18,11028,22423,0,26,4,1,810,3,2,0
66,13448,33418,0,7,1,1,665,3,1,0
57,13485,5741,1,27,0,2,671,3,8,0
49,2283,46049,1,9,1,0,518,3,2,0
51,18043,6838,0,16,2,0,774,1,7,0
45,19394,3262,0,28,2,0,722,0,1,0
48,2733,4996,0,5,0,0,655,2,2,0
25,19509,44594,0,13,4,0,759,0,0,0
56,19555,22164,0,21,3,2,802,2,5,0
43,17230,35595,0,5,2,0,326,1,6,0
75,15472,30257,1,25,0,2,522,1,3,0
51,13889,14211,1,38,3,2,447,4,0,0
71,4471,30453,1,11,4,0,723,4,2,0
71,10028,5232,0,34,2,0,650,1,8,0
20,9329,2217,0,13,0,0,485,1,4,0
76,3097,24229,0,21,0,1,714,2,5,0
67,15082,14232,1,22,0,2,728,1,3,0
29,14930,25613,0,6,2,0,340,0,0,0
18,11077,14026,0,39,3,1,692,2,4,0
71,7397,28554,1,24,0,2,378,1,4,0
61,3757,30908,0,12,4,1,843,2,4,0
22,19284,19610,1,20,0,1,749,2,5,0
47,19994,46646,1,9,3,0,773,3,1,0
47,18833,39605,0,8,2,2,441,4,0,0
76,6017,7031,1,14,0,1,550,2,1,0
74,17370,47574,0,1,0,2,593,2,9,0
34,8999,25515,1,24,4,0,435,3,5,0
65,11195,36484,0,12,4,2,783,1,4,0
64,3096,36182,1,33,0,1,611,2,4,0
40,16433,570,0,33,0,1,345,3,5,0
32,11595,32254,1,34,4,2,535,0,9,0
54,16941,19288,1,37,3,1,347,3,6,0
38,16078,13288,1,2,1,1,497,4,8,0
31,6105,29877,0,5,1,1,383,4,6,0
19,3839,18889,0,18,0,0,842,1,1,0
28,4384,917,1,2,4,0,460,1,5,0
68,11851,10066,0,17,2,1,727,4,8,0
56,11053,29504,1,38,2,2,370,4,6,0
55,14493,6982,0,8,1,0,819,2,1,0
77,18069,39104,1,11,3,2,351,4,2,0
51,15139,18062,0,4,1,1,344,1,7,0
55,8531,16999,1,2,0,1,592,4,8,0
67,5283,9941,1,10,3,2,764,1,3,0
51,8736,23470,1,29,2,0,849,0,8,0
35,8710,45148,1,3,4,2,679,4,1,0
47,2619,21133,0,4,4,2,777,1,4,0
32,14975,44435,1,0,0,1,561,3,1,0
44,13835,4529,0,26,1,0,478,2,0,0
68,16261,17519,0,27,0,2,656,1,4,0
51,2431,12192,1,28,4,0,718,4,1,0
69,10067,8566,0,17,2,1,500,4,6,0
74,5713,7226,0,11,4,0,312,0,7,0
55,10557,37930,0,12,3,1,742,3,1,0
50,10435,49358,1,1,4,0,585,1,6,0
41,5998,21259,0,36,4,2,557,3,3,0
32,1162,34087,0,15,3,1,847,0,0,0
77,2974,1141,1,23,1,2,789,2,2,1
47,9461,4627,1,34,4,1,797,3,0,1
72,18015,47269,0,21,0,0,632,0,4,0
59,18289,2690,1,35,4,0,331,1,7,0
68,3014,40091,0,10,0,1,342,2,0,0
34,10833,3255,0,28,3,1,650,4,8,0
22,8896,5213,0,34,4,1,633,0,2,0
46,1204,36876,1,14,3,0,569,4,4,0
21,17965,19404,0,30,3,1,712,2,8,0
27,10032,25380,1,15,1,1,318,0,4,0
73,6347,25520,1,9,4,2,646,0,8,0
34,3643,19173,0,31,0,1,336,2,9,0
27,9017,23989,1,1,0,2,391,1,7,0
34,19681,42570,1,23,4,2,484,0,6,0
77,18258,24519,1,22,1,2,327,2,0,0
37,6560,22439,1,1,1,0,847,3,3,0
41,16892,11413,1,37,1,2,671,4,8,0
22,15531,14995,0,30,0,1,829,0,9,0
51,18073,23559,1,39,3,0,644,3,7,0
23,5000,45351,0,25,1,0,718,0,3,0
70,15289,23513,0,28,0,0,495,1,0,0
19,18055,5021,0,2,0,0,377,2,9,0
30,8927,32464,0,13,3,0,466,0,3,0
79,16562,21119,0,24,4,0,389,2,2,0
60,2171,29299,0,0,4,0,563,0,5,0
60,12918,39350,1,2,1,2,771,1,4,0
65,10135,46223,1,25,1,1,507,1,4,0
28,7342,25517,1,17,3,1,570,3,1,0
68,18833,13117,0,8,1,2,562,1,2,0
64,12929,22250,1,37,3,2,805,2,5,0
74,3539,18950,1,22,0,0,811,1,1,0
40,4959,17359,1,20,1,0,823,0,3,0
72,14183,23596,0,0,0,2,611,1,1,0
33,6432,25530,1,20,2,0,473,2,8,0
48,19745,1262,0,26,3,1,730,0,2,0
28,2753,40150,1,5,2,1,762,3,9,0
71,19322,22615,0,35,1,0,400,3,9,0
33,11123,3327,0,27,0,0,315,3,5,0
25,17376,29768,0,16,1,0,557,0,0,0
21,7588,28850,1,39,2,1,543,3,9,0
57,7304,42788,1,2,1,0,647,1,2,0
21,8345,16848,0,11,4,2,548,0,7,0
73,16352,46830,1,38,2,0,404,0,4,0
42,1597,39542,0,11,1,2,586,0,7,0
20,3336,15160,0,1,0,0,468,4,1,0
49,10879,33998,1,21,1,0,719,2,6,0
20,1572,27230,1,22,0,1,346,4,8,0
44,8521,9076,1,29,4,2,342,4,6,0
46,7171,3805,0,4,1,2,620,4,2,0
49,19474,31085,0,8,4,2,520,2,6,0
67,14992,14715,1,20,2,1,812,4,7,0
78,12861,5750,0,10,0,2,740,3,0,0
75,13464,48395,1,4,2,1,443,0,2,0
68,2633,13232,0,34,0,0,327,0,4,0
36,18901,35903,1,26,4,0,466,1,5,0
38,13485,6953,1,1,3,2,548,3,2,0
22,11849,32093,0,23,1,0,656,2,3,0
35,4648,25500,1,30,4,0,410,0,4,0
45,16177,22418,1,32,0,2,533,4,2,0
59,14140,34314,0,38,0,0,323,1,3,0
78,18921,48225,1,29,0,2,325,1,4,0
39,15357,22449,0,36,0,2,680,0,1,0
38,14368,17478,1,27,1,0,645,3,9,0
23,4137,35179,0,30,2,0,677,1,8,0
18,1097,46881,1,10,3,0,821,0,9,0
22,12407,25338,1,22,1,0,316,3,7,0
58,13722,26899,1,1,0,0,544,0,5,0
29,13924,4145,1,39,1,1,838,0,9,0
43,4750,32101,0,26,4,0,501,3,2,0
63,9535,2775,0,34,0,1,547,3,1,0
51,5666,45961,0,1,3,2,417,3,6,0
66,17009,31647,0,38,0,0,308,0,7,0
31,17994,45619,0,36,3,0,322,1,9,0
43,2727,45838,0,20,3,0,539,2,0,0
62,2854,19539,0,4,2,2,326,2,5,0
44,11800,36738,1,20,2,1,380,0,6,0
26,6055,26616,1,28,1,1,498,0,8,0
43,11271,14119,1,19,1,0,391,1,2,0
74,19708,25159,1,37,3,0,383,3,1,0
64,13819,37099,0,19,0,0,599,0,4,0
74,10369,10295,0,24,4,0,595,4,9,0
39,10283,34710,0,1,4,2,753,3,0,0
64,14171,24685,1,31,0,0,580,0,5,0
73,6774,49343,0,25,0,2,358,4,8,0
47,7519,25479,1,5,2,0,641,1,9,0
60,11983,46172,0,2,4,1,764,4,8,0
65,19133,33629,0,32,3,1,641,0,6,0
78,15939,42043,0,0,1,0,361,2,6,0
34,1781,17033,0,4,2,0,728,0,7,0
43,17282,36902,1,12,4,2,555,2,9,0
53,7823,44571,1,18,0,0,646,1,1,0
18,19489,15408,0,11,4,0,825,1,5,0
25,8193,17420,1,24,3,0,603,3,4,0
66,3113,16351,0,34,2,1,544,3,4,0
52,17280,4131,0,11,0,2,711,2,2,0
78,14565,44825,0,29,3,1,516,2,2,0
69,11183,11349,0,4,1,2,815,1,5,0
32,18961,44254,1,33,2,1,773,4,9,0
64,10203,38225,0,21,3,0,335,2,9,0
73,19658,38847,0,38,3,1,477,2,6,0
39,16795,12453,1,12,0,1,686,4,0,1
31,19810,18814,0,2,1,2,316,3,2,0
43,14489,18263,1,19,3,2,347,3,0,0
45,6546,12158,0,30,2,1,361,2,9,0
40,7852,15735,0,4,3,2,368,3,2,0
31,3551,15830,0,23,4,2,665,3,4,0
41,7411,47893,0,39,2,2,461,3,8,0
19,17391,44673,0,32,2,2,787,1,2,0
62,19939,23926,0,7,3,2,730,0,9,0
43,1475,45066,1,23,0,1,788,2,9,0
31,11403,34779,0,19,2,2,529,2,8,0
76,8239,3373,1,15,4,0,669,1,0,1
73,7710,10335,1,11,0,1,477,0,5,0
68,9078,23741,0,12,0,1,709,0,8,0
24,3285,10692,1,38,0,1,569,1,4,0
20,6223,47295,0,24,2,2,505,4,9,0
64,14521,45541,1,31,0,0,381,4,1,0
40,15889,34057,0,23,3,2,492,0,4,0
63,7971,1447,1,8,0,1,488,4,0,0
60,12531,19583,1,39,4,1,575,4,8,0
64,15721,22765,0,22,1,1,373,4,9,0
77,5943,23906,1,12,4,1,309,0,9,0
62,7530,19567,0,31,2,2,515,4,8,0
35,12116,14139,0,14,0,0,589,2,5,0
75,1258,46525,0,35,0,0,744,0,8,0
55,1282,38230,0,4,3,1,492,1,2,0
52,14937,19520,0,21,0,0,588,4,3,0
68,2898,19702,1,15,4,1,443,3,5,0
32,5135,25566,1,9,2,1,688,0,3,0
42,7629,7657,1,23,1,0,706,1,0,1
72,12168,37688,0,17,0,1,669,2,6,0
54,1612,30134,1,17,1,0,740,1,4,0
45,15203,10345,1,6,0,1,828,4,7,0
27,18071,41185,1,3,2,0,312,3,8,0
56,3307,49928,1,25,4,1,639,4,4,0
74,8133,27413,1,4,2,0,611,1,7,0
34,12205,5208,0,15,1,1,403,0,0,0
56,6906,33455,0,34,0,1,638,3,0,0
39,3591,49681,1,25,1,1,497,3,6,0
43,16149,28018,0,17,4,0,599,1,5,0
79,13150,45991,0,28,2,2,743,4,4,0
61,8183,8080,1,22,1,1,658,1,4,0
42,11102,21902,1,13,1,1,667,3,8,0
34,18053,9486,0,14,4,0,468,1,0,0
30,2283,38862,1,32,0,1,448,3,7,0
37,1923,21158,0,24,1,1,341,4,1,0
42,2125,40460,0,20,4,1,501,0,6,0
21,2529,43856,1,16,0,1,543,0,5,0
27,9438,35871,0,22,0,2,763,1,9,0
20,17154,35208,0,16,2,2,748,3,1,0
58,9004,20519,0,13,4,1,736,0,2,0
62,10752,31379,1,28,0,1,830,3,3,0
35,11592,28378,1,19,2,1,572,4,6,0
64,4864,39892,1,29,3,2,729,1,7,0
53,1226,49996,1,18,4,2,512,3,1,0
64,16036,14031,0,38,3,0,403,1,7,0
39,12739,14536,1,12,0,0,491,3,8,0
51,17648,446,1,17,4,1,679,3,6,0
64,10587,36683,1,22,2,1,380,4,0,0
25,12749,48555,1,32,0,2,848,1,5,0
57,1645,17618,0,38,4,1,676,2,7,0
66,17299,6587,0,39,4,1,453,3,4,0
61,14675,31480,0,17,3,2,539,3,1,0
36,19888,32994,1,8,0,2,673,0,4,0
59,11964,20527,1,32,2,2,503,1,7,0
58,17087,23569,0,31,2,2,649,2,1,0
54,14537,11151,1,16,0,0,442,4,0,0
23,14269,5558,1,18,0,2,488,2,3,0
69,10346,44739,0,26,1,2,571,4,3,0
43,1587,32954,0,5,3,1,831,2,8,0
51,13763,47448,1,34,0,1,599,2,2,0
76,10177,47327,1,36,0,1,725,1,3,0
73,5079,43837,1,33,1,0,345,0,2,0
76,4348,35303,0,19,1,2,394,2,1,0
62,19099,34700,0,24,4,2,363,3,3,0
23,11785,27500,0,3,2,0,712,3,7,0
54,13328,2032,0,9,3,2,308,3,0,0
74,7450,1252,1,9,4,1,758,0,7,0
50,14230,5509,0,23,0,0,708,2,7,0
70,6433,37842,0,20,1,2,769,4,2,0
39,2098,13900,1,10,2,0,805,4,9,0
38,8096,14523,1,26,4,0,372,1,9,0
23,19710,1881,1,15,2,2,383,0,5,0
23,12439,33037,0,25,1,1,358,2,3,0
72,10087,1630,1,29,4,2,320,3,0,0
65,17021,20789,1,15,4,2,757,0,0,1
21,7416,22523,0,6,2,1,456,0,4,0
47,7980,17958,0,15,1,2,628,2,7,0
28,19058,46151,1,34,0,2,502,1,0,0
79,12101,48920,0,15,4,2,405,1,1,0
79,8950,43852,1,39,0,0,421,1,6,0
47,10122,1695,1,11,1,0,617,3,7,0
48,13576,14821,0,34,4,0,481,3,2,0
41,2089,3262,1,20,4,2,615,2,7,0
72,5578,1445,0,35,0,1,705,1,0,0
26,10127,16436,0,16,3,0,369,2,8,0
72,11487,9949,0,31,0,1,459,1,1,0
20,1155,23963,1,5,0,2,539,0,1,0
68,2958,29932,0,23,3,0,822,4,3,0
48,11693,6901,0,26,1,2,437,4,9,0
57,7344,33487,1,19,1,1,794,1,2,0
54,6779,8597,1,24,4,0,546,2,3,0
53,4830,6855,1,1,2,0,842,3,5,0
41,10046,18678,1,8,2,0,823,1,6,0
48,10794,8263,0,27,4,0,542,1,4,0
23,1441,47288,0,37,2,1,635,3,1,0
19,15478,25805,0,2,0,0,721,1,2,0
37,5628,26143,1,19,0,2,493,0,9,0
45,7370,11874,1,5,3,0,607,3,2,1
28,10528,27529,0,38,3,1,805,0,4,0
21,18332,20866,1,32,4,0,580,4,4,0
32,12565,14079,1,0,4,1,738,3,3,0
23,9179,49850,0,36,4,1,782,3,7,0
71,17013,7243,0,5,0,2,522,2,5,0
66,17843,29872,1,33,2,0,416,2,5,0
47,1392,9018,1,14,4,0,491,3,0,0
73,13130,49500,1,25,4,0,815,4,5,0
55,19171,12100,0,13,0,2,829,1,2,0
68,11449,49459,0,6,0,2,606,2,5,0
79,18522,19800,0,30,0,1,831,4,9,0
74,8418,26910,0,23,2,1,421,4,5,0
19,3454,29437,0,30,4,1,453,2,1,0
32,18761,37588,1,28,1,2,836,1,0,0
28,16223,11001,1,31,1,2,751,2,2,1
25,7701,46675,1,16,4,2,468,4,4,0
43,3597,19942,0,13,4,1,358,0,3,0
68,1141,20862,0,39,4,2,600,2,6,0
62,3659,11669,0,35,4,1,849,4,3,0
61,10031,15916,1,23,2,1,416,2,7,0
22,16037,10878,0,26,1,0,426,4,6,0
23,14970,2985,0,24,3,0,704,1,9,0
43,6661,32369,1,31,1,0,698,4,8,0
71,7142,8112,0,17,1,1,814,3,0,0
21,13109,41235,1,17,0,0,797,0,4,0
36,9787,18931,0,36,4,0,827,4,3,0
37,11096,27340,0,25,4,0,697,2,5,0
50,9472,336,1,8,4,2,564,2,0,0
37,17807,42933,1,34,0,1,562,4,5,0
66,5249,19363,1,7,2,0,697,3,0,0
29,15949,45536,1,19,2,2,826,4,0,0
64,2750,3968,1,21,3,2,735,1,7,0
18,19351,33678,1,18,2,2,659,3,1,1
43,5088,48400,0,29,2,0,428,4,9,0
31,16282,16279,0,27,4,2,540,0,5,0
55,10641,3129,1,34,1,1,521,3,5,0
54,6075,38215,0,10,2,2,513,4,5,0
79,11412,38897,1,30,2,2,434,0,7,0
28,16686,5850,0,38,0,2,685,4,3,0
53,8230,20588,1,35,3,2,602,1,2,0
30,16432,40214,0,29,0,1,586,2,5,0
60,12002,11949,0,22,4,0,488,4,3,0
20,14947,8519,0,18,1,1,596,3,1,0
50,14686,26375,0,11,3,1,825,4,5,0
23,18915,33082,0,14,0,0,688,4,9,0
67,14074,11737,1,30,2,2,758,4,4,0
73,5493,1134,1,36,2,0,560,4,8,0
27,18317,10938,1,36,3,0,412,3,5,0
22,2460,24486,0,14,2,1,335,3,2,0
40,15140,48356,1,28,0,0,378,4,4,0
27,11704,26096,0,25,0,2,574,2,9,0
61,17669,41115,0,1,2,1,577,4,7,0
19,17648,5592,0,19,2,2,611,3,8,0
30,7816,18108,1,14,4,1,828,1,7,0
57,12639,17270,0,3,1,2,503,4,2,0
19,15424,27649,1,21,3,0,316,4,8,0
37,14965,10997,1,37,0,0,775,4,2,1
18,19146,33489,0,22,3,0,810,4,7,0
54,12240,9104,0,25,4,2,509,0,9,0
26,1040,870,1,10,0,1,798,4,8,0
34,6827,28684,1,27,4,1,701,3,6,0
26,9259,39519,1,1,4,1,728,3,3,0
28,18371,49649,1,7,2,0,377,0,9,0
32,15849,34524,1,28,3,2,379,4,8,0
41,17232,30957,1,10,3,1,605,2,2,1
55,8804,33885,0,36,2,2,357,4,2,0
72,6374,44369,1,17,3,1,829,3,1,0
52,3524,35596,1,13,2,0,507,1,9,0
47,10277,29866,1,9,0,2,810,1,2,0
48,19863,30676,1,34,4,1,434,2,0,0
66,10885,47764,0,8,4,1,821,4,3,0
22,1778,13878,0,34,3,1,382,0,7,0
79,2492,39760,1,10,1,1,343,4,4,0
77,18044,27559,1,11,4,0,782,2,1,1
61,18732,46546,1,2,2,1,792,2,2,0
67,14615,6771,0,38,1,1,798,2,0,0
31,13132,16526,0,13,1,0,317,1,1,0
70,11178,29896,0,27,4,1,593,4,0,0
73,8851,31923,0,10,4,2,447,4,1,0
28,17288,36203,0,38,4,2,771,0,2,0
26,8156,39390,0,24,2,1,471,2,0,0
51,3044,12852,1,20,1,0,830,2,8,0
29,8368,47574,0,9,3,0,419,3,9,0
52,14635,43391,0,14,2,0,365,3,4,0
52,10168,1848,1,18,0,1,440,1,7,0
18,18111,31027,0,21,4,1,745,4,4,0
57,12328,35464,1,20,1,2,805,0,7,0
39,14319,34485,0,31,2,0,488,0,6,0
77,1342,19456,1,22,0,1,457,2,3,0
46,2447,9259,1,12,2,1,545,0,6,0
25,7581,35554,1,4,2,1,332,2,5,0
28,12851,46922,1,3,3,0,660,4,2,0
58,7317,13409,1,27,3,0,629,0,8,0
54,17910,3791,0,13,2,2,811,2,9,0
31,11088,25864,0,7,0,0,370,4,8,0
77,13946,36639,1,8,1,1,612,4,4,0
47,17789,34574,1,34,1,2,378,2,7,0
52,15567,17888,1,36,4,0,468,2,6,0
38,15868,19692,0,20,4,0,479,1,8,0
54,10765,23501,1,17,1,0,559,4,6,0
22,13466,13304,1,32,2,0,785,2,3,0
36,19230,27527,1,7,2,1,304,4,3,0
76,18862,18074,1,16,3,0,596,0,7,0
31,11587,15549,0,30,3,1,659,3,5,0
43,1771,29963,1,33,4,1,416,3,8,0
79,17300,25920,1,5,1,1,656,2,9,0
21,9770,30826,0,21,2,2,738,2,6,0
42,12093,36071,1,13,1,1,630,4,6,0
62,14803,16061,1,2,0,0,824,2,3,0
59,1193,28810,0,11,1,2,487,4,2,0
42,3007,47966,0,35,0,0,580,2,7,0
35,18569,22800,0,11,3,1,810,4,6,0
57,19778,43423,1,1,3,0,765,2,3,0
25,12190,41692,1,1,4,2,414,1,3,0
56,10984,9940,0,14,1,2,535,4,0,0
57,10302,3924,0,22,1,0,637,1,6,0
31,8429,28054,0,28,0,0,821,1,0,0
49,3261,9783,1,16,3,0,498,1,9,0
68,7716,37253,1,31,0,2,349,1,9,0
78,9921,45397,0,6,3,1,441,0,3,0
55,5378,13233,1,29,0,0,827,3,2,0
50,8815,45669,0,27,3,1,813,0,2,0
40,14778,24484,1,13,0,2,329,2,0,0
32,13728,25068,1,29,3,0,381,2,3,0
50,11332,191,1,16,0,0,330,3,0,0
42,10836,25074,1,31,1,2,632,3,7,0
34,3800,4917,0,5,4,0,476,3,0,0
50,9333,38599,1,23,0,1,669,1,5,0
64,6410,25832,1,5,4,2,846,0,6,0
72,18839,42928,0,26,1,2,834,2,9,0
19,6808,20706,1,17,1,0,405,0,1,0
31,7796,13682,0,23,3,2,396,0,3,0
70,11288,26762,0,36,4,0,529,0,2,0
57,18709,23383,1,23,2,0,526,3,8,0
57,18543,27796,1,37,3,2,670,3,6,0
68,5650,23666,0,33,4,0,399,2,1,0
56,5987,25662,0,39,0,1,744,2,5,0
68,16200,45159,0,14,0,1,767,2,8,0
23,5697,34642,1,10,1,0,354,0,2,0
23,17724,41830,0,21,2,1,494,3,5,0
20,4828,37531,0,23,0,0,819,1,2,0
24,19352,10234,0,0,4,1,723,0,2,0
68,18087,9221,1,17,4,2,614,4,3,0
25,13605,11410,0,11,0,0,427,0,8,0
59,6482,14519,1,27,4,0,331,3,7,0
69,19184,1051,1,39,4,0,392,4,0,0
32,6463,44993,0,6,1,0,818,0,0,0
64,14860,9765,1,22,2,0,557,3,6,0
46,5912,11382,0,20,1,0,519,3,2,0
50,5648,12580,1,33,2,2,405,1,6,0
69,1855,32323,1,10,4,2,847,0,8,0
47,3866,44757,0,21,2,1,715,3,2,0
56,12834,11939,0,34,4,0,608,2,2,0
44,17294,29964,0,28,4,1,665,3,1,0
53,17566,307,1,27,1,1,820,1,9,0
46,4112,3359,1,17,1,2,758,3,0,1
55,5492,29648,0,13,3,1,669,0,8,0
74,16114,35944,0,17,0,2,630,0,5,0
50,2517,34019,1,27,3,1,310,4,5,0
78,17018,38134,1,23,3,0,806,0,7,0
54,18740,27323,1,7,2,1,718,4,4,0
44,12431,6226,0,7,4,2,421,2,8,0
72,9210,21689,1,3,4,2,534,1,4,0
50,12595,30971,0,26,4,2,630,2,1,0
79,13871,25954,1,35,0,1,842,4,5,0
21,13743,24423,1,4,2,1,647,3,8,0
39,10324,30391,0,32,2,2,711,3,2,0
19,12531,14330,0,33,4,0,523,2,9,0
27,7588,4891,0,29,3,0,452,3,3,0
22,4311,4992,1,7,0,1,511,4,9,0
76,1987,1961,1,38,3,1,391,1,7,0
27,4321,12497,1,25,1,2,630,0,5,0
50,16812,32551,0,36,2,1,766,4,6,0
71,5615,10848,1,33,2,1,527,4,6,0
55,16512,13255,0,6,3,2,493,0,3,0
30,14146,4567,0,39,0,2,829,0,5,0
48,14654,48847,0,27,2,1,542,1,8,0
64,4052,39281,1,38,3,0,688,1,2,0
53,1726,48003,1,38,0,1,575,1,7,0
62,4760,20389,0,27,3,0,749,3,6,0
41,2875,44523,1,13,0,0,777,4,3,0
69,14969,43919,0,37,4,0,779,0,9,0
73,5033,16567,0,3,0,2,587,4,2,0
32,6443,3358,1,17,1,2,839,4,6,0
46,18373,22999,0,24,4,2,629,1,9,0
25,4744,42358,0,6,3,1,769,1,8,0
22,17977,10988,1,37,4,2,833,4,9,0
46,2774,40446,0,27,4,2,766,1,2,0
64,11651,31521,0,4,3,1,719,3,9,0
21,1935,5698,0,2,3,1,421,0,8,0
29,14395,1273,0,30,1,0,607,4,7,0
62,4808,27543,0,19,3,1,633,0,2,0
19,17715,31349,0,18,2,1,719,3,7,0
44,12641,11241,0,10,2,2,625,1,3,0
48,15376,9497,1,39,1,0,549,2,5,0
68,6889,41875,1,2,0,0,394,3,9,0
68,6054,32703,0,22,0,1,595,2,1,0
53,4868,44041,0,6,2,2,483,0,7,0
53,17585,31954,1,22,3,2,559,4,8,0
43,19881,8002,1,6,1,2,485,1,6,0
60,2842,4247,1,33,0,2,708,3,7,0
44,11058,41988,1,18,0,1,368,1,6,0
22,10101,21698,1,8,4,2,307,2,9,0
37,13497,19738,0,17,2,0,564,2,3,0
28,5658,10703,1,24,3,0,783,4,0,1
79,12381,48240,1,13,1,1,670,2,2,0
27,8544,49422,1,24,0,2,382,4,6,0
57,8718,17570,0,18,4,2,510,3,6,0
55,14851,12392,0,38,2,2,612,4,2,0
23,18154,44724,0,14,2,2,636,2,0,0
25,12777,32299,0,15,1,1,789,0,9,0
40,2628,15641,0,26,0,2,702,4,8,0
64,1386,13998,0,39,1,1,490,1,5,0
43,7031,6305,1,9,1,2,634,0,6,0
63,7439,32726,0,3,4,2,821,4,0,0
60,14392,18782,0,18,2,0,386,1,0,0
29,19850,12721,1,27,3,1,361,0,3,0
43,3282,39763,0,20,2,0,686,4,6,0
30,2856,12427,1,13,2,1,445,3,7,0
57,16670,46550,1,32,4,2,452,1,9,0
79,2998,20566,0,9,3,2,648,3,8,0
35,6476,2230,1,18,0,1,477,2,0,0
42,10428,6511,1,29,3,0,786,4,3,0
50,5669,49280,1,21,0,1,546,4,3,0
64,13336,42229,1,2,3,1,553,1,2,0
57,10342,26177,0,36,1,2,799,4,6,0
77,8064,4765,1,17,3,0,840,2,0,1
60,8446,20354,0,10,4,1,651,4,8,0
29,18815,23929,1,1,0,0,811,0,7,0
61,6624,28820,1,11,2,0,312,3,1,0
53,8461,46040,1,5,4,1,450,2,1,0
65,2819,29523,0,39,0,0,349,2,7,0
21,11516,5552,0,28,0,2,514,3,0,0
22,14749,627,0,29,2,2,671,3,6,0
73,18514,11989,1,1,1,2,412,2,8,0
54,3658,13780,1,8,4,2,551,3,2,0
25,4500,6589,1,1,2,0,640,1,6,0
59,3120,34812,1,28,2,2,352,3,5,0
66,5020,28128,0,32,1,1,429,0,6,0
45,11213,45939,1,9,4,2,492,0,6,0
48,4259,38652,0,33,2,1,356,1,9,0
75,11081,27790,1,7,1,1,396,3,0,0
26,2823,40953,0,36,4,2,497,0,2,0
71,18858,249,0,32,3,2,446,4,9,0
68,19626,19309,1,5,0,0,594,3,0,0
46,14467,25901,1,39,1,1,311,1,4,0
31,7990,23576,0,18,0,2,632,3,2,0
57,4134,31508,1,31,3,0,519,2,0,0
58,19454,9175,1,26,2,2,697,2,1,1
39,17743,25464,0,0,2,2,641,0,9,0
28,16434,16260,0,32,4,2,811,2,4,0
40,16007,35440,0,39,1,1,471,1,2,0
18,11233,29546,0,31,1,2,767,0,5,0
63,17378,40047,1,4,4,0,465,1,8,0
54,2141,41430,0,16,0,2,469,1,5,0
38,19019,1987,0,7,2,2,811,2,1,0
43,11135,49242,0,33,2,0,488,2,1,0
63,13966,25105,1,8,1,0,419,1,7,0
53,4361,12948,0,22,1,1,404,2,7,0
71,8835,13026,1,34,4,1,340,2,5,0
40,12172,2773,0,6,3,1,620,2,9,0
74,17390,45927,0,14,0,1,634,3,6,0
18,4267,9878,1,19,3,0,459,1,0,0
71,7564,42946,0,24,3,2,563,4,8,0
72,19990,10377,0,2,1,2,829,1,4,0
68,12411,7347,1,23,1,2,776,0,8,0
57,6906,33776,0,33,1,1,651,2,1,0
32,17028,3783,0,21,3,0,844,2,7,0
38,8611,4298,0,10,0,0,509,4,6,0
64,18297,4668,0,7,1,0,795,0,3,0
26,3011,20671,1,38,2,2,681,3,2,0
70,18826,34820,0,34,0,1,780,1,3,0
26,12246,34484,1,37,2,0,304,3,3,0
27,14790,33078,0,7,0,1,333,0,9,0
69,12738,47159,1,36,1,0,444,4,9,0
74,15730,20922,0,26,4,1,650,0,7,0
70,12120,34028,1,27,1,0,764,4,3,0
43,19213,45925,0,39,3,1,647,3,4,0
58,9767,20316,1,33,3,0,424,3,1,0
52,14703,11460,1,31,0,0,570,0,3,0
69,1929,16968,0,14,3,1,656,0,6,0
42,12951,30266,1,16,1,1,826,2,2,0
43,16845,30209,0,32,2,2,797,4,0,0
28,18438,24000,0,15,1,1,452,2,7,0
55,16747,14011,0,28,0,0,352,1,7,0
19,6744,2866,0,8,3,0,448,1,5,0
24,19284,47133,0,32,2,1,802,0,6,0
35,10649,5898,1,28,4,2,749,3,9,0
44,7980,18395,0,12,2,1,518,1,1,0
51,8069,39019,0,20,2,0,576,1,4,0
44,10591,37707,0,20,1,0,751,2,6,0
34,1442,4006,0,4,4,2,727,2,8,0
60,5652,34393,0,9,0,1,382,1,0,0
76,10370,10956,0,5,0,0,517,0,2,0
61,8597,30663,1,12,2,0,826,2,5,0
76,15325,6078,1,0,2,0,703,1,6,0
68,5458,29631,0,19,3,1,589,3,5,0
71,7591,30140,1,7,4,1,719,2,0,0
41,17346,41691,0,9,2,2,638,1,3,0
42,12826,3961,0,8,3,0,718,4,5,0
24,19693,29277,0,2,4,0,506,2,7,0
69,15138,41574,0,10,0,2,564,4,9,0
23,18294,31417,0,11,3,0,335,2,3,0
70,3169,22484,1,9,4,2,672,2,6,0
41,19556,18103,1,24,3,2,787,4,2,1
50,7313,29345,1,24,2,0,558,0,7,0
66,9315,46326,1,10,1,1,830,1,0,0
46,9036,39454,0,35,0,1,322,0,3,0
60,1785,1587,1,38,2,1,403,0,7,0
39,7139,42571,0,25,2,1,540,1,9,0
43,7344,21031,1,13,4,0,552,3,3,0
45,19800,26212,1,38,3,2,441,0,1,0
67,15973,10350,1,39,0,2,750,0,1,1
38,6619,18816,1,0,2,0,606,0,3,0
66,2936,20288,0,3,4,1,799,3,3,0
24,4807,29432,1,29,0,2,307,2,1,0
34,8151,44222,1,11,3,0,368,4,6,0
37,10493,48617,0,34,2,0,367,4,5,0
58,13355,6837,0,12,2,1,707,3,2,0
66,4236,34217,1,30,2,0,817,0,7,0
37,16848,20884,0,37,0,2,418,4,7,0
71,3352,5454,0,22,0,2,330,3,0,0
39,2932,9424,0,3,0,0,817,1,2,0
45,11913,36885,1,15,0,2,782,4,4,0
78,9556,41637,0,6,4,0,506,1,1,0
57,6498,43618,1,21,1,2,686,0,4,0
66,11582,18412,1,28,4,1,711,4,9,0
24,18330,47111,1,10,2,2,669,3,2,0
18,14865,39613,1,32,4,1,652,2,8,0
49,10569,20142,0,28,3,1,635,4,0,0
30,18823,37392,1,38,0,0,588,4,3,0
47,5857,8848,0,11,3,1,439,4,9,0
40,1340,49317,1,6,3,2,599,4,5,0
68,12181,13136,0,38,2,2,312,3,8,0
76,17766,589,1,25,0,1,727,3,2,1
73,9491,20908,0,39,3,0,699,2,2,0
36,1138,6509,1,8,2,1,408,3,4,0
79,1358,40461,1,33,0,2,784,3,6,0
49,10714,42222,0,12,1,2,655,0,4,0
47,2627,49223,1,35,2,1,448,0,7,0
46,16996,44476,1,24,4,1,606,1,4,0
66,6004,45710,1,23,0,1,832,2,6,0
62,14283,49420,0,16,3,2,359,0,5,0
46,7652,9968,1,1,3,2,734,2,9,0
47,3151,2462,1,12,4,2,320,2,1,0
33,10429,9460,0,30,4,0,681,4,2,0
57,15072,33783,0,28,3,2,544,2,3,0
36,12927,9275,0,27,0,2,372,4,4,0
35,7905,28677,0,26,2,0,748,1,8,0
18,13452,13269,0,14,4,0,375,1,5,0
31,17212,406,1,30,4,0,689,1,0,1
68,19951,7384,1,39,4,0,641,4,2,1
64,2307,22553,1,14,1,0,589,4,6,0
67,15852,24366,0,32,0,0,630,1,7,0
19,3660,44036,1,19,0,1,558,4,6,0
71,11403,17369,0,11,0,1,725,3,4,0
45,11238,11795,0,36,0,1,305,3,9,0
66,7207,4485,1,8,0,1,305,4,7,0
67,2140,41669,0,22,3,2,490,4,8,0
47,2708,2618,0,7,4,0,447,0,6,0
55,4630,30143,1,31,3,2,704,0,8,0
68,11485,29425,0,13,1,0,557,2,0,0
21,13021,22673,0,26,2,0,778,2,8,0
18,17859,9603,1,24,4,2,389,2,2,0
25,8684,39696,0,12,1,1,309,1,5,0
46,2207,5368,0,20,3,2,386,3,7,0
72,14331,4621,1,30,2,2,450,1,2,0
56,2960,14719,1,36,1,0,329,4,3,0
20,1557,29227,1,4,2,0,427,0,6,0
49,16883,43894,1,12,1,0,377,4,6,0
27,14893,7566,0,27,3,1,720,4,3,0
27,1882,12306,0,24,2,2,354,0,8,0
36,5761,24042,1,34,1,2,779,4,2,0
63,6867,15086,0,38,3,1,604,2,7,0
51,13869,17387,0,6,4,2,845,0,7,0
77,8166,27042,1,37,3,2,404,4,3,0
50,13982,23888,1,31,3,0,471,2,6,0
40,8929,26514,0,2,4,1,798,2,3,0
72,6347,18323,1,38,3,0,321,3,0,0
45,8269,18019,1,36,4,1,586,2,0,0
49,14527,9890,1,21,4,0,690,1,0,1
67,3454,40863,0,7,4,2,448,0,1,0
24,19330,45487,1,16,1,1,571,0,5,0
46,13991,10283,0,26,2,1,598,0,9,0
25,3808,18279,0,32,1,0,471,4,4,0
18,7642,46999,0,16,4,1,346,4,1,0
74,4825,22908,1,11,2,2,506,1,7,0
72,4536,47466,1,26,2,2,752,2,8,0
20,16309,37952,1,7,4,2,694,4,6,0
41,4802,35170,1,22,2,0,600,2,8,0
40,19354,37663,1,28,2,1,475,2,3,0
76,7142,44172,0,19,1,0,409,4,6,0
78,10094,47929,0,15,2,2,501,4,4,0
25,1364,9343,0,16,4,1,467,1,4,0
71,16688,10637,1,15,0,2,385,3,2,0
74,2863,34724,0,18,0,1,350,0,8,0
64,17499,39791,0,7,0,1,411,4,9,0
54,8084,29134,1,37,4,0,762,4,4,0
20,9016,46830,1,37,0,1,741,2,5,0
68,3384,47101,0,28,1,2,570,3,2,0
50,16072,3907,0,35,4,1,643,4,9,0
45,4935,33575,1,25,4,2,482,3,6,0
64,14127,46799,1,30,4,0,802,0,8,0
25,15482,4827,1,11,2,2,309,2,8,0
51,8742,30607,1,16,2,1,793,1,9,0
52,17165,13699,0,14,2,2,533,0,9,0
49,3490,37292,0,8,3,2,597,3,4,0
41,14324,47961,1,38,1,1,543,3,6,0
31,19108,25883,0,11,4,2,808,0,2,0
49,2137,48991,0,31,4,1,650,3,5,0
73,4420,5313,1,24,2,0,566,1,7,0
63,6845,13598,0,38,4,2,500,1,7,0
60,4906,45826,0,17,4,0,538,3,1,0
33,13413,49909,0,14,0,2,633,3,5,0
21,1276,28807,1,31,4,2,714,1,6,0
69,19383,4887,1,5,3,0,783,3,6,0
54,18611,3854,0,34,2,2,736,4,2,0
71,7337,45226,1,33,1,2,545,2,8,0
38,12944,14536,1,37,1,0,307,4,1,0
31,16906,3558,1,4,0,2,451,3,2,0
48,18079,9772,0,17,1,1,691,3,1,0
72,13306,36343,0,15,1,2,510,2,8,0
65,11503,35186,1,7,2,2,666,3,3,0
35,5208,36966,0,24,2,2,385,2,1,0
24,12590,33769,0,31,3,0,354,1,2,0
27,11886,39887,0,25,0,1,745,2,3,0
24,13866,19229,0,21,1,1,603,2,9,0
50,2088,9673,0,30,3,2,431,4,5,0
40,4363,27877,1,9,0,0,720,3,4,0
38,1024,31601,0,11,1,0,684,1,2,0
36,10764,38084,0,27,1,1,497,0,9,0
65,10959,16244,0,5,2,0,346,2,7,0
78,13935,27356,1,19,4,2,502,0,7,0
36,9068,16806,1,4,0,2,560,3,6,0
53,19619,23099,1,22,1,0,323,2,2,0
46,8295,44641,0,8,0,2,639,0,0,0
77,9392,37034,1,28,3,1,711,4,4,0
35,12390,40317,1,15,3,2,560,0,0,0
19,9448,19094,1,21,4,0,585,4,5,0
18,11433,10589,1,7,1,1,812,1,6,0
64,16038,1657,0,19,2,2,385,3,4,0
22,12528,32764,1,13,1,1,729,0,3,0
37,16743,39531,1,38,0,0,330,2,1,0
28,9605,3164,0,36,3,2,739,3,4,0
59,3014,27542,0,33,0,2,648,0,8,0
19,2381,18437,1,10,4,1,711,2,3,0
20,2098,41247,0,39,3,2,827,2,1,0
40,10101,38505,1,32,2,2,609,2,5,0
72,1187,19601,0,30,3,2,695,2,7,0
29,12948,28430,0,33,1,2,637,0,1,0
37,11207,6009,1,6,1,0,736,1,8,0
22,3092,49759,0,22,3,2,664,4,6,0
54,19514,4552,1,6,4,1,412,4,1,0
55,6242,9417,0,24,1,0,475,4,4,0
47,9549,41989,1,2,1,1,448,1,4,0
26,6185,2671,0,37,2,1,477,2,6,0
51,16271,6519,0,19,3,1,681,2,4,0
70,6776,36730,0,33,1,0,522,3,5,0
61,13449,12734,0,29,4,0,558,4,8,0
52,8823,45890,0,16,0,0,488,4,2,0
69,16717,3722,1,9,3,2,605,2,2,1
75,8355,4906,0,34,2,1,677,4,7,0
39,7465,30096,1,19,1,0,642,2,9,0
61,13737,40031,1,17,4,1,455,2,5,0
41,18881,13699,1,26,3,0,354,2,9,0
34,14324,21438,0,35,4,0,741,0,2,0
27,11350,43856,1,22,4,0,499,0,1,0
47,3555,33576,0,31,2,1,702,0,1,0
73,3951,41938,1,9,3,2,476,0,1,0
76,18622,49028,1,10,1,0,748,1,4,0
63,5727,49877,1,37,2,0,840,3,4,0
40,6686,32247,1,5,1,0,600,3,0,0
49,4701,43461,1,33,0,2,606,2,1,0
34,3780,27938,0,35,4,1,566,4,1,0
67,18972,40469,1,36,0,1,513,0,3,0
68,3368,17600,1,16,4,1,782,3,6,0
34,16592,20435,0,39,2,1,561,3,2,0
31,1436,18581,0,39,1,0,366,0,4,0
26,3828,14191,0,11,1,2,432,1,8,0
57,2556,19190,1,20,2,0,839,1,4,0
19,14364,27386,1,39,3,2,811,3,8,0
62,16061,31721,1,18,0,1,510,1,0,0
42,11576,13704,1,2,0,2,552,0,8,0
56,17566,2123,1,17,1,0,337,3,4,0
26,8190,25174,1,18,1,0,342,0,7,0
71,6565,44301,0,5,1,1,704,1,4,0
39,16369,49376,0,15,2,0,345,0,5,0
60,2589,47216,1,7,3,0,753,1,7,0
63,1159,14586,1,17,0,2,604,1,1,0
21,13145,31976,1,38,4,0,532,0,2,0
43,16373,25416,1,11,2,1,544,1,8,0
75,7555,1814,1,9,0,1,594,2,4,0
46,17237,13001,0,6,3,0,682,0,4,0
62,10203,16508,0,0,2,1,457,2,8,0
51,9244,19630,1,35,0,2,704,0,9,0
40,15743,13380,0,20,2,2,300,1,2,0
54,14333,48174,1,36,0,0,516,1,3,0
28,14341,35699,1,23,0,0,806,3,6,0
23,19691,46335,1,24,3,2,329,3,1,0
35,2228,46806,0,6,4,1,819,2,7,0
38,6590,12317,0,16,3,0,574,1,4,0
59,6585,35739,1,28,0,0,791,3,0,0
53,10227,34785,0,29,2,1,335,1,2,0
58,7046,31980,0,6,3,0,610,0,8,0
55,13237,23799,1,32,4,1,343,3,4,0
51,16649,35183,0,6,0,1,454,2,7,0
34,5945,29166,0,23,3,1,376,3,0,0
54,8927,19480,1,10,3,1,737,1,6,0
42,13641,1609,1,8,3,1,731,4,6,0
55,16998,717,0,11,3,2,841,4,7,0
75,14386,19945,1,34,2,1,338,1,2,0
29,8016,25592,0,3,4,2,538,0,0,0
40,15027,28141,1,35,4,1,312,3,8,0
70,16920,30009,1,27,0,0,421,4,0,0
59,14752,45430,1,12,1,2,443,0,5,0
39,19268,6782,1,22,2,0,754,1,8,0
38,19193,26536,0,18,0,1,667,0,1,0
44,4167,33816,1,36,0,1,546,1,3,0
74,12989,25933,1,38,3,0,344,3,1,0
48,15087,11618,1,23,1,1,674,0,3,0
23,3437,8307,0,15,1,0,590,3,1,0
44,16275,26671,0,32,2,1,506,0,0,0
57,6276,40673,1,11,1,1,818,1,2,0
51,9859,42761,1,33,0,2,541,1,7,0
29,8818,10338,1,6,1,0,413,0,4,0
62,5728,38346,1,10,1,1,601,1,3,0
74,6738,46602,1,30,4,0,575,2,4,0
70,6793,6548,1,28,0,2,395,2,5,0
24,5523,40149,0,12,1,0,593,3,5,0
27,6571,21164,1,30,1,2,659,2,4,0
62,17209,27526,1,1,3,0,587,2,5,0
34,16246,31222,1,38,1,0,453,4,8,0
43,11380,20176,1,14,1,2,722,4,4,0
38,3224,2941,1,10,4,1,349,4,5,0
45,9389,5695,1,33,0,1,506,4,3,0
79,16927,39169,0,38,2,1,512,1,2,0
75,12684,47947,0,3,0,0,365,3,5,0
63,11640,47224,0,10,3,0,531,3,4,0
19,9662,45865,0,28,0,1,619,2,3,0
77,7361,25553,0,1,1,0,436,3,4,0
71,2948,38965,0,15,3,0,364,2,6,0
60,13091,38218,1,38,0,1,813,3,0,0
18,12992,25359,1,12,3,2,431,0,0,0
68,7318,24816,1,36,2,0,633,0,0,0
70,13180,8378,1,16,0,0,331,3,1,0
53,1234,1881,1,20,1,0,797,1,8,0
68,16372,39567,1,18,3,0,542,2,4,0
43,1522,47365,0,6,4,2,491,3,8,0
46,13718,13675,1,37,3,1,441,2,4,0
38,10821,4586,0,7,4,0,490,4,6,0
28,6832,25006,0,12,1,1,448,3,5,0
57,13820,41198,1,36,2,0,715,1,1,0
28,17211,22831,1,1,4,2,819,4,2,1
53,8122,35113,1,10,2,1,315,3,4,0
66,6842,16459,1,23,3,2,405,0,3,0
76,2316,32443,1,5,1,0,582,3,5,0
56,14200,42316,1,25,4,2,403,0,7,0
57,18508,30595,1,6,3,2,660,0,7,0
52,16206,5877,0,38,0,0,334,3,2,0
71,19971,39553,1,18,3,0,412,3,3,0
51,2378,48601,1,5,2,1,607,0,0,0
72,2519,4922,0,28,1,0,352,2,1,0
64,8935,4686,1,38,1,1,380,4,8,0
41,7093,32766,1,1,3,2,668,1,9,0
71,6355,14407,0,18,0,2,541,3,9,0
39,10083,32006,1,3,2,1,330,4,1,0
22,6574,31422,1,5,3,0,660,4,5,0
73,14324,12205,1,36,3,0,532,2,6,0
50,3257,21054,1,27,1,2,333,4,5,0
75,14411,23527,1,29,2,1,542,3,7,0
53,16233,45947,1,6,0,2,358,4,8,0
64,16887,18443,0,8,1,2,828,3,7,0
37,3005,16524,1,24,3,0,377,3,4,0
36,19400,28202,1,32,1,1,601,0,7,0
52,11860,16,0,0,1,2,411,2,9,0
69,11070,46142,0,5,4,0,712,1,9,0
60,10388,16848,1,17,1,2,616,0,8,0
34,19156,20855,0,9,1,2,444,1,7,0
79,19135,18211,1,27,2,0,317,3,1,0
76,15609,25095,1,10,1,0,650,0,1,1
62,17363,38724,0,32,0,1,454,4,2,0
60,17923,49241,1,0,3,2,805,4,6,0
51,15823,37583,1,12,2,1,659,1,8,0
26,18845,2843,0,36,1,0,631,3,7,0
43,9547,29301,0,19,0,0,827,1,8,0
19,12515,26460,0,0,3,2,311,2,5,0
70,1234,31918,0,2,2,1,374,4,0,0
26,15562,28747,1,17,0,1,511,0,3,0
26,18932,15972,0,13,1,2,582,0,5,0
57,8480,28310,0,30,4,2,494,0,5,0
34,5213,22927,0,26,4,1,329,4,7,0
18,11293,1094,0,16,2,0,308,3,0,0
42,2673,38892,0,28,0,0,608,4,1,0
78,3100,34172,1,35,3,2,744,4,1,0
60,12849,23324,0,36,0,1,609,0,5,0
57,19199,20674,1,25,4,1,725,4,6,0
59,4841,3982,0,16,2,1,390,0,1,0
42,11197,45283,0,21,1,0,755,3,4,0
56,9016,15790,0,24,0,0,743,2,5,0
52,8011,12205,0,1,4,1,378,0,3,0
20,5493,24338,0,21,3,1,774,1,0,0
67,18058,12748,0,4,2,2,402,2,2,0
54,9578,21097,0,3,1,2,755,3,9,0
61,3158,3092,0,35,0,1,613,2,8,0
61,3064,22692,1,5,3,1,546,0,5,0
68,4253,23862,0,20,1,0,533,3,1,0
47,13828,24860,1,12,4,1,534,1,8,0
55,2401,13971,0,36,4,2,686,0,3,0
51,16193,14616,1,24,3,0,337,0,7,0
29,13096,4933,0,25,4,2,460,3,9,0
36,5214,4926,0,38,2,2,761,3,6,0
54,12023,25763,0,19,3,0,748,2,2,0
61,12950,3969,1,32,4,2,416,1,7,0
76,11704,35733,1,13,0,1,540,2,3,0
76,11343,4319,1,35,4,2,325,2,1,0
66,12867,41743,1,16,2,0,597,0,4,0
78,3745,39876,0,20,1,0,453,3,0,0
34,4866,41909,0,15,1,0,767,0,7,0
27,12956,20323,0,15,4,2,348,1,7,0
74,6818,16428,1,19,1,1,345,2,2,0
72,19606,34578,0,28,4,0,584,1,0,0
66,17093,20950,1,27,2,1,381,3,3,0
64,16493,43041,1,7,1,0,343,3,8,0
29,18908,41789,1,23,0,1,572,4,8,0
79,9224,18293,1,2,4,1,693,1,0,1
33,5025,6364,1,24,1,1,357,0,6,0
41,19950,35349,0,18,2,0,300,1,5,0
36,7155,691,1,32,2,2,515,2,6,0
25,14839,30062,1,1,0,2,616,3,6,0
48,1719,931,0,14,2,2,527,3,7,0
38,15890,45896,1,21,2,1,772,1,7,0
34,18356,31730,1,9,1,0,783,1,9,0
40,19591,14226,0,17,4,1,586,1,1,0
54,5426,13861,0,21,3,0,810,2,3,0
71,13512,31301,0,26,2,1,757,2,3,0
33,16064,48243,1,12,2,0,394,0,9,0
23,14767,22766,0,32,3,0,792,1,7,0
25,12308,36174,0,4,2,0,449,0,2,0
42,12477,41107,0,25,1,1,322,4,2,0
35,13903,17695,1,12,1,2,514,2,1,0
42,9680,41347,0,26,3,1,698,3,0,0
29,3204,3121,1,13,2,1,709,4,7,0
32,2102,18257,1,23,2,0,430,3,8,0
76,6243,28164,0,2,4,0,447,4,8,0
43,7614,25491,1,29,2,2,680,0,7,0
58,17299,23165,1,34,1,2,408,0,4,0
62,9707,48714,0,13,0,0,420,2,0,0
43,14913,3748,1,11,0,2,594,3,8,0
64,1630,33045,0,27,0,2,419,4,5,0
49,12908,26553,1,28,0,0,755,1,6,0
27,11847,44331,1,16,2,1,829,1,7,0
33,10171,30497,0,39,2,2,468,2,4,0
24,13721,31308,0,20,4,0,442,3,5,0
34,17661,39560,1,22,2,2,336,1,6,0
40,17616,46686,1,19,0,2,560,2,6,0
43,10744,10374,0,10,3,0,530,2,1,0
38,6690,4675,1,33,3,2,553,3,0,0
39,14401,1170,1,9,1,2,628,1,7,0
75,8659,41449,1,9,1,2,596,1,4,0
24,11601,43485,1,5,2,1,309,1,9,0
31,12704,12450,0,35,3,1,745,0,1,0
32,1025,10680,0,23,0,2,529,1,2,0
70,16384,10068,0,11,0,0,835,4,5,0
24,14705,35230,0,22,0,2,377,0,9,0
26,9652,46418,0,26,2,2,724,0,5,0
68,14379,26206,0,36,2,1,492,0,7,0
65,8006,287,1,5,4,1,700,0,4,0
25,19378,22337,0,0,0,1,408,2,4,0
67,9682,20666,1,5,0,2,562,4,6,0
76,2072,1161,1,21,2,2,628,3,9,0
40,1215,49281,1,23,2,0,662,1,4,0
46,10915,35131,0,24,4,2,677,0,8,0
35,10784,24535,1,14,4,2,640,3,5,0
48,19990,32528,0,25,1,1,558,2,6,0
47,15824,38751,1,7,3,1,634,3,7,0
69,4313,16527,1,23,0,1,384,0,4,0
56,12033,40975,0,37,0,1,821,4,3,0
52,10968,23853,1,5,4,1,607,3,7,0
35,17241,14758,1,34,4,0,561,0,9,0
76,6939,244,1,0,1,0,751,0,8,0
59,15696,3178,1,35,3,0,550,1,0,0
56,15794,31831,0,11,1,1,623,1,2,0
34,3295,2176,1,37,3,1,528,4,3,0
31,2696,37770,1,10,0,1,596,1,6,0
48,12185,33654,0,11,1,0,536,4,5,0
41,19330,26627,1,38,4,1,516,2,9,0
52,13001,46489,1,6,1,0,545,2,9,0
61,15350,44910,1,10,1,1,747,1,0,0
77,4644,24881,1,35,0,2,618,2,3,0
62,7420,35422,0,30,4,0,731,3,5,0
51,12837,11984,1,32,4,2,703,3,2,1
